Variable,Region,Unit,2020,2025,2030,2035,2040,2045,2050,2055,2060,2065,2070,2075,2080,2085,2090,2095,2100,2105,2110,2115,2120,2125,2130,2135,2140,2145,2150
population,CAN,,0.0377912,0.0396524,0.0414138,0.0430335,0.0445721,0.0460997,0.0476193,0.0491076,0.0505014,0.0517385,0.0528001,0.0536777,0.0543612,0.0548249,0.0549846,0.0547999,0.0544633,0.0541762,0.0539419,0.0537239,0.0535248,0.0533543,0.053212,0.0530954,0.0530034,0.0529364,0.0528992
population,USA,,0.342454,0.35558,0.368237,0.380044,0.390884,0.400817,0.410337,0.419895,0.429334,0.438313,0.446375,0.453123,0.45852,0.462602,0.46532,0.46677,0.467715,0.468873,0.47011,0.471155,0.472026,0.472798,0.473463,0.474002,0.474421,0.474728,0.4749
population,MEX,,0.124815,0.130375,0.135265,0.139384,0.142734,0.145326,0.147107,0.148066,0.148407,0.148364,0.148063,0.147569,0.146812,0.145729,0.144416,0.142995,0.141516,0.140024,0.138615,0.137375,0.136295,0.135354,0.134555,0.133905,0.133395,0.133023,0.132815
population,RCAM,,0.0933415,0.0970866,0.100338,0.103056,0.105235,0.106873,0.107943,0.108442,0.108503,0.108265,0.107775,0.107058,0.106123,0.104989,0.103701,0.102311,0.10086,0.0993988,0.0980196,0.0968045,0.0957471,0.0948254,0.0940428,0.0934056,0.0929065,0.0925421,0.0923384
population,BRA,,0.210843,0.217459,0.222925,0.227073,0.22995,0.231618,0.231978,0.230962,0.228773,0.225649,0.221686,0.216971,0.211683,0.206029,0.200218,0.194401,0.188504,0.182501,0.176791,0.171774,0.16742,0.163621,0.160392,0.157764,0.155707,0.154204,0.153364
population,RSAM,,0.21934,0.228868,0.23732,0.244558,0.250544,0.255257,0.25866,0.260756,0.26172,0.261741,0.260878,0.259175,0.256725,0.253642,0.250061,0.246127,0.241993,0.237839,0.233926,0.230476,0.227472,0.224854,0.222631,0.220822,0.219404,0.218369,0.217791
population,NAF,,0.193293,0.203702,0.213017,0.221224,0.228385,0.234522,0.239455,0.243015,0.245286,0.246404,0.246456,0.245556,0.243961,0.241914,0.239454,0.236608,0.233557,0.230513,0.227661,0.225141,0.222944,0.221029,0.219406,0.218083,0.217047,0.21629,0.215868
population,WAF,,0.530424,0.592067,0.655758,0.720603,0.785934,0.850828,0.913114,0.970862,1.02437,1.07424,1.1201,1.16137,1.19784,1.2293,1.25521,1.27579,1.29447,1.3143,1.33373,1.35062,1.36513,1.37784,1.38869,1.3975,1.40439,1.40943,1.41224
population,EAF,,0.329518,0.365987,0.402656,0.439,0.474635,0.509145,0.541852,0.572134,0.599867,0.625034,0.647538,0.667259,0.684048,0.697729,0.708046,0.715171,0.721074,0.727575,0.734102,0.739728,0.744524,0.748737,0.75234,0.755266,0.757551,0.759222,0.760157
population,SAF,,0.0551186,0.0571576,0.0589288,0.0604016,0.0616135,0.0626119,0.063415,0.064026,0.0644178,0.0645558,0.0644038,0.0639466,0.063253,0.0623933,0.061358,0.0601408,0.0588272,0.0575195,0.0562965,0.0552154,0.0542718,0.0534502,0.0527534,0.0521858,0.0517411,0.0514164,0.0512349
population,WEU,,0.426323,0.433244,0.439567,0.445431,0.450749,0.455378,0.459191,0.462076,0.463972,0.464888,0.465052,0.464685,0.463758,0.462117,0.45935,0.455219,0.450427,0.445773,0.441503,0.437703,0.434364,0.431464,0.42901,0.42701,0.425441,0.424295,0.423656
population,CEU,,0.125962,0.125281,0.124271,0.122881,0.121259,0.119564,0.117796,0.115891,0.113691,0.111071,0.108123,0.105002,0.101873,0.0988759,0.0960457,0.0933623,0.0906971,0.0879631,0.0853485,0.0830558,0.0810696,0.0793354,0.0778604,0.0766604,0.075721,0.0750349,0.0746513
population,TUR,,0.0846097,0.088357,0.0916667,0.094503,0.0968679,0.0987614,0.100138,0.100968,0.101337,0.101336,0.100976,0.100261,0.0992502,0.0980168,0.096636,0.0951745,0.0936616,0.0921329,0.0906871,0.0894143,0.0883075,0.0873424,0.0865228,0.0858556,0.085333,0.0849514,0.0847381
population,UKR,,0.055403,0.0540496,0.0528561,0.0518116,0.0508842,0.0500414,0.0492663,0.0485387,0.0478064,0.0470191,0.0461655,0.0452476,0.0442806,0.0432815,0.0422617,0.0412276,0.0401718,0.0390997,0.0380819,0.0371871,0.03641,0.0357321,0.0351561,0.0346873,0.0343201,0.034052,0.0339022
population,STAN,,0.0676045,0.0699377,0.0718189,0.0732722,0.0743557,0.0751082,0.0754569,0.0753469,0.0749068,0.0742797,0.0734814,0.0725052,0.0713823,0.0701595,0.0689093,0.0676885,0.0664658,0.0652153,0.0640222,0.0629751,0.0620673,0.0612749,0.0606012,0.0600529,0.0596238,0.0593103,0.059135
population,RUS,,0.158455,0.157412,0.156218,0.155146,0.154249,0.153492,0.15274,0.151851,0.15079,0.149541,0.148084,0.146399,0.14449,0.142371,0.140072,0.137631,0.135095,0.132535,0.130117,0.127988,0.126135,0.124521,0.123149,0.122033,0.121158,0.12052,0.120163
population,ME,,0.263065,0.285131,0.306303,0.326671,0.345899,0.36355,0.379227,0.392616,0.403721,0.412612,0.419324,0.423927,0.426673,0.427829,0.427549,0.426069,0.424079,0.422236,0.420609,0.419141,0.417834,0.416704,0.415752,0.414975,0.414364,0.413918,0.41367
population,INDIA,,1.37661,1.44909,1.51596,1.57718,1.63228,1.68037,1.71946,1.74766,1.76458,1.77047,1.76653,1.75399,1.73335,1.70508,1.67051,1.63131,1.58968,1.54801,1.50886,1.47431,1.4442,1.41797,1.3957,1.37758,1.36337,1.353,1.34721
population,KOR,,0.0746478,0.075075,0.0750756,0.0745735,0.073517,0.0718931,0.0698177,0.0674339,0.0648637,0.0622139,0.0595513,0.0569292,0.0543857,0.0519548,0.049669,0.0475299,0.0454194,0.0432491,0.0411698,0.0393477,0.0377702,0.0363924,0.0352204,0.0342669,0.0335206,0.0329755,0.0326707
population,CHN,,1.41954,1.426,1.42195,1.40662,1.38087,1.34602,1.30349,1.25492,1.20248,1.1483,1.09369,1.03956,0.985984,0.933318,0.883916,0.839378,0.796333,0.751724,0.70875,0.671165,0.638684,0.610297,0.586135,0.566481,0.551101,0.539867,0.533585
population,SEAS,,0.394819,0.411503,0.425866,0.437598,0.446609,0.452919,0.456769,0.458444,0.458171,0.456143,0.452485,0.447333,0.440946,0.433611,0.425624,0.41724,0.40858,0.399824,0.391537,0.384244,0.377903,0.372373,0.367677,0.363854,0.36086,0.358673,0.357451
population,INDO,,0.260812,0.269872,0.27738,0.283254,0.287282,0.289295,0.289422,0.287862,0.284802,0.280445,0.275044,0.268855,0.262098,0.254973,0.247645,0.240228,0.232667,0.224985,0.21769,0.211277,0.205708,0.20085,0.196721,0.193361,0.19073,0.188809,0.187735
population,JAP,,0.125855,0.123872,0.121416,0.118666,0.115712,0.112629,0.109516,0.106437,0.10327,0.0998998,0.0964176,0.0929349,0.0894307,0.0858793,0.0823682,0.0789679,0.0755669,0.0720871,0.0687656,0.0658511,0.0633245,0.061119,0.0592437,0.0577178,0.0565232,0.0556507,0.0551629
population,OCE,,0.0341575,0.0363757,0.0384963,0.0405002,0.0424215,0.0442955,0.0461088,0.0478277,0.0493875,0.0507286,0.051843,0.0527344,0.0534001,0.0538232,0.0539367,0.0537147,0.0533452,0.0530228,0.0527537,0.0525055,0.0522805,0.0520872,0.0519255,0.0517932,0.0516889,0.051613,0.0515706
population,RSAS,,0.494073,0.528905,0.561927,0.592322,0.620116,0.645342,0.667197,0.684907,0.698639,0.70882,0.715986,0.720624,0.722926,0.72299,0.720833,0.716671,0.711615,0.706779,0.702397,0.698479,0.695023,0.692025,0.689492,0.687426,0.685805,0.684622,0.683961
population,RSAF,,0.17262,0.191656,0.211056,0.230495,0.249617,0.268058,0.285462,0.30155,0.316365,0.32998,0.342272,0.353126,0.362671,0.370973,0.377615,0.382396,0.386448,0.390869,0.39528,0.399091,0.402345,0.405202,0.407645,0.409628,0.411177,0.41231,0.412944
regional_emissions,CAN,GtCO2/yr,0.511577,0.519955,0.545712,0.579719,0.593198,0.567308,0.542573,0.559688,0.600336,0.634995,0.648779,0.635355,0.607639,0.582741,0.575127,0.593059,0.622778,0.648742,0.670275,0.68985,0.707419,0.722414,0.734878,0.744996,0.752898,0.758575,0.761557
regional_emissions,USA,GtCO2/yr,5.39382,5.16396,4.97223,4.93032,4.99208,5.08066,5.16217,5.21605,5.23219,5.20791,5.16044,5.11645,5.11819,5.19282,5.29274,5.36738,5.42869,5.49716,5.5657,5.62372,5.67244,5.715,5.7512,5.78032,5.80285,5.81912,5.82771
regional_emissions,MEX,GtCO2/yr,0.572878,0.590963,0.625281,0.680991,0.732812,0.75747,0.771418,0.796066,0.832576,0.87532,0.911756,0.931586,0.940375,0.947972,0.965413,0.999965,1.04284,1.08337,1.11938,1.15098,1.1785,1.20215,1.22194,1.2379,1.25027,1.2591,1.2636
regional_emissions,RCAM,GtCO2/yr,0.302334,0.321285,0.343045,0.362792,0.390354,0.436684,0.503148,0.586422,0.673937,0.753072,0.820316,0.875656,0.923794,0.969254,1.01112,1.04819,1.0836,1.12012,1.1547,1.18404,1.20885,1.23035,1.24848,1.26301,1.27418,1.2821,1.28599
regional_emissions,BRA,GtCO2/yr,1.57743,1.61734,1.71152,1.9254,2.15207,2.26123,2.20485,1.9832,1.70747,1.50637,1.46744,1.60974,1.72049,1.6151,1.45247,1.41649,1.44904,1.45656,1.44556,1.44105,1.44143,1.44018,1.4378,1.43611,1.43501,1.43401,1.43311
regional_emissions,RSAM,GtCO2/yr,1.38348,1.5526,1.65161,1.66018,1.73468,1.98934,2.19415,2.13263,1.98562,1.97095,2.05905,2.16503,2.22915,2.2195,2.19027,2.19863,2.22807,2.25061,2.26617,2.28052,2.29376,2.30467,2.31338,2.32034,2.32565,2.32924,2.33058
regional_emissions,NAF,GtCO2/yr,0.583268,0.66482,0.732687,0.780242,0.808522,0.825051,0.858896,0.934096,1.03374,1.13299,1.21602,1.27523,1.32604,1.38512,1.45213,1.52321,1.597,1.67175,1.74193,1.80273,1.85499,1.90029,1.93854,1.96939,1.9933,2.01047,2.01942
regional_emissions,WAF,GtCO2/yr,1.817,2.79558,3.32197,3.04948,2.62621,2.68211,2.74983,2.33812,1.97569,2.24737,2.94945,3.74725,4.56236,5.38551,6.22512,7.08932,7.97098,8.8514,9.67053,10.3761,10.9805,11.5037,11.9448,12.3001,12.575,12.7718,12.873
regional_emissions,EAF,GtCO2/yr,0.283526,0.469212,0.607725,0.634056,0.603113,0.586041,0.594138,0.626463,0.693729,0.810305,0.994282,1.25987,1.60272,2.00303,2.39705,2.7317,3.039,3.35722,3.66124,3.92014,4.1396,4.33026,4.49157,4.6213,4.72147,4.79313,4.82979
regional_emissions,SAF,GtCO2/yr,0.507151,0.556463,0.581453,0.58894,0.604577,0.64877,0.703713,0.746607,0.772763,0.783231,0.783918,0.781255,0.778813,0.778772,0.780751,0.783873,0.787664,0.791644,0.795288,0.798295,0.800796,0.802933,0.804702,0.806085,0.807118,0.807811,0.808043
regional_emissions,WEU,GtCO2/yr,3.13174,2.9774,2.86039,2.80564,2.85218,3.02362,3.26796,3.51651,3.7104,3.81735,3.9029,4.02557,4.11502,4.10791,4.09873,4.18561,4.32284,4.44417,4.54571,4.63718,4.7187,4.78825,4.84605,4.89283,4.92926,4.95534,4.9688
regional_emissions,CEU,GtCO2/yr,0.784933,0.761251,0.744534,0.762621,0.796029,0.820394,0.839907,0.861867,0.878228,0.879975,0.869836,0.851702,0.821507,0.778067,0.740135,0.72436,0.719121,0.709804,0.698052,0.688431,0.680693,0.673671,0.667481,0.662462,0.658552,0.655653,0.65394
regional_emissions,TUR,GtCO2/yr,0.435783,0.494793,0.533934,0.546629,0.550073,0.563415,0.590432,0.628826,0.667276,0.695252,0.714401,0.729399,0.744738,0.762158,0.772757,0.768879,0.758301,0.750187,0.744119,0.737991,0.732081,0.72703,0.722817,0.719298,0.716463,0.714341,0.713012
regional_emissions,UKR,GtCO2/yr,0.403864,0.404391,0.419988,0.466004,0.510121,0.521533,0.523075,0.54001,0.555389,0.549372,0.53263,0.519998,0.511458,0.504324,0.500769,0.502926,0.507801,0.511917,0.515107,0.517957,0.520504,0.522639,0.524376,0.52576,0.526819,0.527546,0.527843
regional_emissions,STAN,GtCO2/yr,0.485141,0.531112,0.562823,0.571103,0.556311,0.526748,0.513113,0.536541,0.561057,0.555757,0.565759,0.631899,0.701527,0.718672,0.706964,0.701076,0.700523,0.697999,0.694072,0.690822,0.688219,0.685782,0.683572,0.681745,0.680292,0.679168,0.678398
regional_emissions,RUS,GtCO2/yr,1.8782,1.99982,2.09223,2.12918,2.12225,2.09287,2.06319,2.052,2.07209,2.12018,2.1327,2.06121,1.97515,1.94654,1.94261,1.91786,1.88022,1.84678,1.81805,1.79135,1.76708,1.74609,1.7284,1.71385,1.70233,1.69385,1.68892
regional_emissions,ME,GtCO2/yr,2.00627,2.12458,2.2491,2.43172,2.62916,2.79261,2.94872,3.12826,3.30652,3.45296,3.56994,3.67233,3.79024,3.94467,4.10649,4.24506,4.37338,4.50818,4.63774,4.74798,4.84123,4.92216,4.99054,5.04542,5.08771,5.11788,5.1331
regional_emissions,INDIA,GtCO2/yr,2.77719,3.47423,4.11557,4.66226,5.25343,6.0186,6.88282,7.7456,8.60453,9.455,10.1882,10.7151,11.1224,11.5029,11.8061,11.9795,12.1008,12.2516,12.4091,12.5373,12.6417,12.7332,12.8112,12.873,12.9199,12.9526,12.9672
regional_emissions,KOR,GtCO2/yr,0.784572,0.836902,0.866968,0.86412,0.842869,0.819431,0.794942,0.767299,0.73647,0.702478,0.663566,0.619018,0.574205,0.535287,0.505405,0.485322,0.469182,0.451271,0.433174,0.417607,0.404372,0.392736,0.382777,0.374699,0.368402,0.363812,0.361263
regional_emissions,CHN,GtCO2/yr,11.3913,12.6008,13.3212,13.5515,13.4823,13.267,12.9024,12.3666,11.6911,10.9094,10.0357,9.10322,8.22936,7.52787,7.01665,6.6706,6.38747,6.07558,5.76226,5.49268,5.26331,5.06187,4.8896,4.74993,4.64109,4.56185,4.51808
regional_emissions,SEAS,GtCO2/yr,1.51417,1.83417,2.11254,2.27472,2.33563,2.3424,2.38436,2.52683,2.6979,2.82281,2.95115,3.12759,3.25426,3.24901,3.23255,3.3306,3.48949,3.62971,3.74679,3.85254,3.94703,4.02772,4.09481,4.14917,4.19151,4.22181,4.23739
regional_emissions,INDO,GtCO2/yr,1.63506,1.74108,1.82232,1.9101,1.95981,1.93276,1.89917,1.93169,2.00824,2.08605,2.13244,2.13064,2.11686,2.1282,2.15426,2.17767,2.19942,2.22324,2.24635,2.26563,2.28171,2.29566,2.30741,2.31674,2.32385,2.32882,2.33104
regional_emissions,JAP,GtCO2/yr,1.06462,1.01039,0.969801,0.948723,0.944726,0.952981,0.969067,0.987315,0.996262,0.985993,0.958505,0.920636,0.886449,0.867372,0.857172,0.847128,0.836236,0.825352,0.815078,0.805876,0.797768,0.790671,0.784622,0.779668,0.775767,0.772901,0.771254
regional_emissions,OCE,GtCO2/yr,0.388396,0.370826,0.368554,0.421271,0.491187,0.529778,0.523765,0.48074,0.456047,0.491807,0.529786,0.511596,0.478588,0.480695,0.502796,0.520032,0.533446,0.548691,0.564146,0.577172,0.588062,0.597593,0.605712,0.612233,0.617265,0.620883,0.622767
regional_emissions,RSAS,GtCO2/yr,0.417044,0.549174,0.68838,0.827199,0.981095,1.16963,1.40669,1.69641,2.00952,2.3187,2.63765,2.98495,3.35757,3.74962,4.16396,4.60248,5.05615,5.50996,5.93266,6.298,6.61155,6.88296,7.11176,7.29619,7.43901,7.54139,7.59442
regional_emissions,RSAF,GtCO2/yr,0.786528,0.730453,0.80862,1.17419,1.48975,1.41977,1.15832,0.984184,0.957516,1.07292,1.28697,1.54733,1.80467,2.02657,2.24226,2.48438,2.74122,2.99269,3.22309,3.42176,3.59238,3.73984,3.86395,3.9639,4.04118,4.09632,4.12423
baseline,CAN,GtCO2/yr,0.511613,0.520255,0.546027,0.580054,0.59354,0.567635,0.542886,0.560011,0.600683,0.635362,0.649154,0.635722,0.60799,0.583077,0.575459,0.593401,0.623138,0.649117,0.670662,0.690249,0.707828,0.722831,0.735303,0.745426,0.753333,0.759013,0.761997
baseline,USA,GtCO2/yr,5.39382,5.16695,4.9751,4.93317,4.99496,5.08359,5.16515,5.21906,5.23521,5.21092,5.16342,5.11941,5.12115,5.19582,5.2958,5.37048,5.43183,5.50033,5.56892,5.62697,5.67571,5.7183,5.75452,5.78366,5.8062,5.82248,5.83108
baseline,MEX,GtCO2/yr,0.572901,0.591305,0.625642,0.681384,0.733235,0.757907,0.771863,0.796526,0.833057,0.875825,0.912283,0.932124,0.940918,0.94852,0.965971,1.00054,1.04344,1.084,1.12003,1.15164,1.17918,1.20284,1.22265,1.23862,1.25099,1.25983,1.26433
baseline,RCAM,GtCO2/yr,0.302834,0.32147,0.343243,0.363002,0.390579,0.436937,0.503438,0.586761,0.674327,0.753507,0.82079,0.876162,0.924328,0.969813,1.0117,1.04879,1.08423,1.12077,1.15537,1.18472,1.20955,1.23106,1.2492,1.26373,1.27491,1.28284,1.28673
baseline,BRA,GtCO2/yr,1.57745,1.61827,1.71251,1.92651,2.15331,2.26254,2.20613,1.98435,1.70846,1.50724,1.46828,1.61067,1.72148,1.61603,1.45331,1.41731,1.44988,1.4574,1.4464,1.44188,1.44226,1.44101,1.43863,1.43694,1.43584,1.43484,1.43394
baseline,RSAM,GtCO2/yr,1.3835,1.55349,1.65257,1.66114,1.73568,1.99049,2.19542,2.13386,1.98676,1.97209,2.06024,2.16629,2.23044,2.22078,2.19153,2.1999,2.22936,2.25191,2.26748,2.28183,2.29508,2.306,2.31472,2.32168,2.32699,2.33059,2.33193
baseline,NAF,GtCO2/yr,0.583344,0.665204,0.73311,0.780693,0.808989,0.825528,0.859392,0.934636,1.03433,1.13365,1.21672,1.27596,1.32681,1.38592,1.45297,1.52409,1.59792,1.67272,1.74293,1.80377,1.85606,1.90139,1.93966,1.97052,1.99445,2.01163,2.02058
baseline,WAF,GtCO2/yr,1.81775,2.79719,3.32389,3.05124,2.62773,2.68366,2.75142,2.33947,1.97683,2.24867,2.95115,3.74941,4.565,5.38862,6.22872,7.09342,7.97558,8.85651,9.67611,10.3821,10.9868,11.5103,11.9517,12.3072,12.5823,12.7792,12.8804
baseline,EAF,GtCO2/yr,0.284265,0.469483,0.608076,0.634422,0.603462,0.586379,0.594482,0.626825,0.694129,0.810773,0.994856,1.2606,1.60365,2.00419,2.39843,2.73328,3.04075,3.35915,3.66335,3.92241,4.142,4.33276,4.49416,4.62397,4.7242,4.79589,4.83258
baseline,SAF,GtCO2/yr,0.507529,0.556785,0.581789,0.58928,0.604926,0.649145,0.70412,0.747038,0.773209,0.783683,0.784371,0.781707,0.779263,0.779221,0.781202,0.784325,0.788119,0.792101,0.795747,0.798756,0.801258,0.803397,0.805167,0.80655,0.807584,0.808277,0.80851
baseline,WEU,GtCO2/yr,3.13174,2.97912,2.86205,2.80727,2.85382,3.02537,3.26984,3.51854,3.71254,3.81955,3.90516,4.02789,4.1174,4.11028,4.1011,4.18803,4.32533,4.44673,4.54833,4.63985,4.72142,4.79102,4.84885,4.89566,4.93211,4.9582,4.97167
baseline,CEU,GtCO2/yr,0.784955,0.76169,0.744964,0.763061,0.796489,0.820868,0.840392,0.862365,0.878735,0.880484,0.870338,0.852194,0.821982,0.778516,0.740562,0.724778,0.719537,0.710214,0.698455,0.688829,0.681086,0.67406,0.667867,0.662845,0.658933,0.656032,0.654317
baseline,TUR,GtCO2/yr,0.435879,0.495079,0.534243,0.546944,0.550391,0.56374,0.590773,0.629189,0.667662,0.695654,0.714814,0.729821,0.745168,0.762598,0.773204,0.769323,0.758739,0.750621,0.744549,0.738417,0.732504,0.72745,0.723235,0.719713,0.716876,0.714754,0.713424
baseline,UKR,GtCO2/yr,0.40447,0.404624,0.420231,0.466273,0.510416,0.521835,0.523377,0.540322,0.55571,0.54969,0.532937,0.520299,0.511753,0.504615,0.501058,0.503216,0.508094,0.512213,0.515404,0.518256,0.520805,0.522941,0.524678,0.526063,0.527123,0.527851,0.528148
baseline,STAN,GtCO2/yr,0.487108,0.531418,0.563148,0.571433,0.556632,0.527052,0.513409,0.536851,0.561381,0.556078,0.566086,0.632264,0.701932,0.719087,0.707372,0.701481,0.700928,0.698403,0.694472,0.691221,0.688617,0.686179,0.683967,0.682139,0.680685,0.679561,0.67879
baseline,RUS,GtCO2/yr,1.87824,2.00097,2.09344,2.13041,2.12347,2.09408,2.06438,2.05318,2.07329,2.1214,2.13393,2.0624,1.97629,1.94767,1.94373,1.91897,1.88131,1.84785,1.8191,1.79238,1.7681,1.7471,1.7294,1.71484,1.70331,1.69483,1.68989
baseline,ME,GtCO2/yr,2.00628,2.12581,2.2504,2.43313,2.63068,2.79422,2.95042,3.13007,3.30843,3.45496,3.572,3.67445,3.79243,3.94695,4.10886,4.24751,4.37591,4.51078,4.64042,4.75072,4.84402,4.925,4.99343,5.04834,5.09065,5.12083,5.13606
baseline,INDIA,GtCO2/yr,2.7772,3.47624,4.11794,4.66496,5.25646,6.02207,6.88679,7.75008,8.6095,9.46046,10.1941,10.7213,11.1288,11.5095,11.8129,11.9864,12.1078,12.2587,12.4162,12.5446,12.649,12.7406,12.8186,12.8805,12.9274,12.9601,12.9746
baseline,KOR,GtCO2/yr,0.784588,0.837386,0.867468,0.864619,0.843356,0.819905,0.795401,0.767742,0.736895,0.702883,0.663949,0.619376,0.574537,0.535596,0.505697,0.485603,0.469453,0.451531,0.433424,0.417848,0.404605,0.392963,0.382999,0.374916,0.368615,0.364022,0.361472
baseline,CHN,GtCO2/yr,11.3913,12.6081,13.3289,13.5593,13.4901,13.2747,12.9099,12.3738,11.6979,10.9157,10.0415,9.10847,8.23411,7.53222,7.0207,6.67445,6.39116,6.07909,5.76559,5.49585,5.26635,5.06479,4.89243,4.75267,4.64377,4.56448,4.52069
baseline,SEAS,GtCO2/yr,1.51418,1.83523,2.11376,2.27604,2.33698,2.34375,2.38574,2.52829,2.69946,2.82444,2.95286,3.1294,3.25614,3.25089,3.23442,3.33252,3.4915,3.6318,3.74895,3.85476,3.94931,4.03005,4.09718,4.15157,4.19393,4.22425,4.23984
baseline,INDO,GtCO2/yr,1.63518,1.74209,1.82337,1.91121,1.96095,1.93388,1.90026,1.9328,2.0094,2.08726,2.13367,2.13187,2.11809,2.12943,2.1555,2.17893,2.20069,2.22453,2.24765,2.26694,2.28303,2.29698,2.30874,2.31808,2.3252,2.33017,2.33239
baseline,JAP,GtCO2/yr,1.06463,1.01097,0.970361,0.949271,0.945271,0.953532,0.969627,0.987885,0.996838,0.986562,0.959058,0.921168,0.886961,0.867873,0.857667,0.847617,0.836719,0.825828,0.815549,0.806342,0.798229,0.791127,0.785075,0.780119,0.776215,0.773347,0.771699
baseline,OCE,GtCO2/yr,0.388444,0.37104,0.368767,0.421515,0.491471,0.530084,0.524068,0.481018,0.45631,0.492091,0.530092,0.511892,0.478864,0.480973,0.503086,0.520333,0.533754,0.549008,0.564472,0.577505,0.588401,0.597938,0.606061,0.612586,0.617622,0.621242,0.623127
baseline,RSAS,GtCO2/yr,0.417109,0.549491,0.688778,0.827677,0.981662,1.17031,1.4075,1.69739,2.01068,2.32004,2.63917,2.98668,3.35951,3.75178,4.16637,4.60514,5.05907,5.51314,5.93609,6.30164,6.61537,6.88693,7.11587,7.30041,7.44331,7.54575,7.59881
baseline,RSAF,GtCO2/yr,0.787606,0.730875,0.809087,1.17487,1.49061,1.42059,1.15899,0.984752,0.958069,1.07354,1.28772,1.54822,1.80572,2.02774,2.24356,2.48582,2.74281,2.99442,3.22495,3.42374,3.59445,3.742,3.86619,3.96619,4.04352,4.09868,4.12661
relative_abatement,CAN,fraction_of_baseline_emissions,0.000577297,0.000577283,0.000577284,0.000577285,0.000577285,0.000577287,0.000577288,0.000577288,0.000577288,0.000577288,0.000577288,0.000577288,0.000577289,0.000577289,0.00057729,0.00057729,0.00057729,0.000577289,0.000577289,0.000577289,0.000577289,0.000577289,0.000577289,0.000577289,0.000577289,0.000577289,0.000577289
relative_abatement,USA,fraction_of_baseline_emissions,0.000577297,0.000577176,0.000577197,0.000577208,0.000577214,0.000577219,0.000577223,0.000577227,0.000577231,0.000577235,0.000577238,0.000577242,0.000577244,0.000577245,0.000577247,0.000577248,0.000577249,0.00057725,0.000577251,0.000577252,0.000577253,0.000577253,0.000577254,0.000577255,0.000577255,0.000577255,0.000577256
relative_abatement,MEX,fraction_of_baseline_emissions,0.000577297,0.000577281,0.000577283,0.000577283,0.000577283,0.000577283,0.000577284,0.000577284,0.000577284,0.000577284,0.000577284,0.000577284,0.000577285,0.000577285,0.000577285,0.000577285,0.000577285,0.000577285,0.000577285,0.000577285,0.000577285,0.000577285,0.000577284,0.000577284,0.000577285,0.000577285,0.000577285
relative_abatement,RCAM,fraction_of_baseline_emissions,0.000577297,0.000577288,0.000577289,0.000577289,0.000577289,0.000577289,0.000577288,0.000577287,0.000577287,0.000577286,0.000577285,0.000577285,0.000577285,0.000577285,0.000577285,0.000577285,0.000577285,0.000577284,0.000577284,0.000577284,0.000577284,0.000577284,0.000577284,0.000577284,0.000577284,0.000577284,0.000577284
relative_abatement,BRA,fraction_of_baseline_emissions,0.000577297,0.000577255,0.000577259,0.000577259,0.000577258,0.000577259,0.000577262,0.000577267,0.000577272,0.000577276,0.000577277,0.000577276,0.000577276,0.000577277,0.00057728,0.000577281,0.000577281,0.000577281,0.000577281,0.000577282,0.000577282,0.000577282,0.000577283,0.000577283,0.000577283,0.000577283,0.000577283
relative_abatement,RSAM,fraction_of_baseline_emissions,0.000577297,0.000577257,0.00057726,0.000577263,0.000577265,0.000577263,0.000577262,0.000577265,0.000577268,0.00057727,0.00057727,0.00057727,0.00057727,0.000577271,0.000577272,0.000577273,0.000577273,0.000577274,0.000577274,0.000577274,0.000577275,0.000577275,0.000577275,0.000577275,0.000577276,0.000577276,0.000577276
relative_abatement,NAF,fraction_of_baseline_emissions,0.000577297,0.000577279,0.00057728,0.000577281,0.000577281,0.000577282,0.000577282,0.000577282,0.000577281,0.000577281,0.00057728,0.00057728,0.00057728,0.00057728,0.00057728,0.00057728,0.000577279,0.000577279,0.000577279,0.000577278,0.000577278,0.000577278,0.000577278,0.000577278,0.000577278,0.000577278,0.000577278
relative_abatement,WAF,fraction_of_baseline_emissions,0.000577297,0.000577228,0.000577227,0.000577238,0.00057725,0.000577252,0.000577254,0.000577262,0.000577268,0.000577266,0.00057726,0.000577254,0.000577248,0.000577244,0.00057724,0.000577237,0.000577235,0.000577233,0.000577232,0.000577231,0.000577231,0.000577231,0.000577231,0.000577232,0.000577232,0.000577233,0.000577234
relative_abatement,EAF,fraction_of_baseline_emissions,0.000577297,0.000577285,0.000577283,0.000577284,0.000577285,0.000577286,0.000577287,0.000577287,0.000577286,0.000577285,0.000577283,0.00057728,0.000577277,0.000577273,0.00057727,0.000577268,0.000577266,0.000577265,0.000577263,0.000577262,0.000577262,0.000577261,0.000577261,0.000577261,0.00057726,0.00057726,0.000577261
relative_abatement,SAF,fraction_of_baseline_emissions,0.000577297,0.000577282,0.000577284,0.000577285,0.000577285,0.000577285,0.000577285,0.000577285,0.000577285,0.000577285,0.000577286,0.000577286,0.000577287,0.000577287,0.000577287,0.000577288,0.000577288,0.000577288,0.000577288,0.000577288,0.000577288,0.000577288,0.000577288,0.000577289,0.000577289,0.000577289,0.000577289
relative_abatement,WEU,fraction_of_baseline_emissions,0.000577297,0.000577223,0.000577236,0.000577243,0.000577246,0.000577247,0.000577247,0.000577247,0.000577247,0.000577249,0.00057725,0.000577251,0.000577252,0.000577254,0.000577256,0.000577256,0.000577257,0.000577257,0.000577257,0.000577258,0.000577258,0.000577258,0.000577259,0.000577259,0.000577259,0.00057726,0.00057726
relative_abatement,CEU,fraction_of_baseline_emissions,0.000577297,0.000577277,0.00057728,0.000577281,0.000577282,0.000577282,0.000577283,0.000577283,0.000577284,0.000577284,0.000577285,0.000577285,0.000577286,0.000577287,0.000577288,0.000577288,0.000577289,0.000577289,0.000577289,0.000577289,0.00057729,0.00057729,0.00057729,0.00057729,0.00057729,0.00057729,0.00057729
relative_abatement,TUR,fraction_of_baseline_emissions,0.000577297,0.000577284,0.000577285,0.000577286,0.000577286,0.000577287,0.000577287,0.000577287,0.000577287,0.000577287,0.000577287,0.000577287,0.000577287,0.000577287,0.000577287,0.000577288,0.000577288,0.000577288,0.000577289,0.000577289,0.000577289,0.000577289,0.000577289,0.000577289,0.00057729,0.00057729,0.00057729
relative_abatement,UKR,fraction_of_baseline_emissions,0.000577297,0.000577286,0.000577287,0.000577287,0.000577287,0.000577287,0.000577288,0.000577288,0.000577288,0.000577289,0.000577289,0.00057729,0.00057729,0.00057729,0.000577291,0.000577291,0.000577291,0.000577291,0.000577291,0.000577291,0.000577291,0.000577291,0.000577291,0.000577291,0.000577291,0.000577291,0.000577292
relative_abatement,STAN,fraction_of_baseline_emissions,0.000577297,0.000577283,0.000577284,0.000577285,0.000577286,0.000577287,0.000577288,0.000577288,0.000577288,0.000577289,0.000577289,0.000577288,0.000577288,0.000577288,0.000577288,0.000577289,0.000577289,0.000577289,0.000577289,0.000577289,0.000577289,0.00057729,0.00057729,0.00057729,0.00057729,0.00057729,0.00057729
relative_abatement,RUS,fraction_of_baseline_emissions,0.000577297,0.000577246,0.000577251,0.000577255,0.000577258,0.000577261,0.000577264,0.000577266,0.000577267,0.000577268,0.000577269,0.000577271,0.000577273,0.000577274,0.000577275,0.000577276,0.000577276,0.000577277,0.000577278,0.000577279,0.000577279,0.00057728,0.00057728,0.00057728,0.000577281,0.000577281,0.000577281
relative_abatement,ME,fraction_of_baseline_emissions,0.000577297,0.000577243,0.000577248,0.000577249,0.00057725,0.000577251,0.000577251,0.000577252,0.000577252,0.000577253,0.000577253,0.000577254,0.000577255,0.000577255,0.000577256,0.000577256,0.000577256,0.000577256,0.000577257,0.000577257,0.000577257,0.000577258,0.000577258,0.000577258,0.000577259,0.000577259,0.000577259
relative_abatement,INDIA,fraction_of_baseline_emissions,0.000577297,0.000577212,0.000577212,0.000577212,0.00057721,0.000577207,0.000577204,0.000577202,0.0005772,0.000577199,0.0005772,0.000577202,0.000577205,0.000577207,0.00057721,0.000577214,0.000577217,0.000577219,0.000577222,0.000577224,0.000577226,0.000577227,0.000577229,0.00057723,0.000577232,0.000577233,0.000577234
relative_abatement,KOR,fraction_of_baseline_emissions,0.000577297,0.000577275,0.000577277,0.000577279,0.000577281,0.000577282,0.000577283,0.000577285,0.000577286,0.000577287,0.000577288,0.000577288,0.000577289,0.00057729,0.000577291,0.000577291,0.000577291,0.000577292,0.000577292,0.000577292,0.000577293,0.000577293,0.000577293,0.000577293,0.000577293,0.000577293,0.000577293
relative_abatement,CHN,fraction_of_baseline_emissions,0.000577297,0.000577031,0.000577063,0.000577088,0.000577109,0.000577128,0.000577145,0.000577161,0.000577175,0.000577189,0.000577201,0.000577212,0.000577222,0.00057723,0.000577235,0.00057724,0.000577243,0.000577247,0.00057725,0.000577253,0.000577255,0.000577257,0.000577258,0.00057726,0.000577261,0.000577262,0.000577262
relative_abatement,SEAS,fraction_of_baseline_emissions,0.000577297,0.00057725,0.000577251,0.000577252,0.000577255,0.000577257,0.000577259,0.000577259,0.000577259,0.00057726,0.00057726,0.00057726,0.00057726,0.000577261,0.000577263,0.000577263,0.000577263,0.000577263,0.000577263,0.000577263,0.000577263,0.000577263,0.000577263,0.000577263,0.000577263,0.000577264,0.000577264
relative_abatement,INDO,fraction_of_baseline_emissions,0.000577297,0.000577252,0.000577257,0.000577259,0.000577261,0.000577264,0.000577266,0.000577267,0.000577268,0.000577268,0.000577269,0.00057727,0.000577271,0.000577272,0.000577273,0.000577273,0.000577274,0.000577274,0.000577274,0.000577275,0.000577275,0.000577275,0.000577275,0.000577275,0.000577276,0.000577276,0.000577276
relative_abatement,JAP,fraction_of_baseline_emissions,0.000577297,0.000577271,0.000577275,0.000577277,0.000577279,0.00057728,0.000577281,0.000577281,0.000577282,0.000577283,0.000577284,0.000577285,0.000577285,0.000577286,0.000577286,0.000577287,0.000577287,0.000577288,0.000577288,0.000577288,0.000577288,0.000577289,0.000577289,0.000577289,0.000577289,0.000577289,0.000577289
relative_abatement,OCE,fraction_of_baseline_emissions,0.000577297,0.000577287,0.000577288,0.000577288,0.000577287,0.000577287,0.000577288,0.000577289,0.00057729,0.00057729,0.000577289,0.00057729,0.000577291,0.000577291,0.000577291,0.000577291,0.000577291,0.000577291,0.000577291,0.000577291,0.000577291,0.000577291,0.000577291,0.000577291,0.000577291,0.000577291,0.000577291
relative_abatement,RSAS,fraction_of_baseline_emissions,0.000577297,0.000577282,0.000577281,0.00057728,0.000577278,0.000577276,0.000577274,0.000577271,0.000577268,0.000577265,0.000577263,0.000577261,0.000577259,0.000577257,0.000577255,0.000577253,0.000577252,0.00057725,0.000577249,0.000577248,0.000577248,0.000577248,0.000577248,0.000577248,0.000577248,0.000577248,0.000577249
relative_abatement,RSAF,fraction_of_baseline_emissions,0.000577297,0.000577278,0.000577278,0.000577273,0.000577269,0.000577272,0.000577278,0.000577281,0.000577282,0.000577281,0.000577279,0.000577277,0.000577275,0.000577273,0.000577272,0.00057727,0.000577269,0.000577267,0.000577266,0.000577266,0.000577265,0.000577265,0.000577264,0.000577264,0.000577264,0.000577264,0.000577264
cumulative_emissions,Global,GtCO2,0,233.468,481.619,739.314,1004.49,1277.63,1557.39,1840.74,2127.83,2422.02,2725.44,3038.18,3359.65,3689.2,4027.66,4377.14,4738.76,5112.29,5496.67,5890.41,6292.18,6700.88,7115.39,7534.58,7957.36,8382.71,8809.33
global_emissions,Global,GtCO2/yr,42.8173,46.6936,49.6301,51.5391,53.0345,54.6282,55.9529,56.6701,57.4166,58.8385,60.6836,62.5496,64.2936,65.9097,67.6918,69.8953,72.3253,74.7057,76.8762,78.7477,80.3546,81.7398,82.9024,83.8365,84.5572,85.0696,85.3244
temperature,Global,degC_above_PI,1.16,1.30475,1.4586,1.61837,1.78278,1.95213,2.12558,2.30126,2.47925,2.66165,2.84977,3.04367,3.24298,3.4473,3.65715,3.87382,4.09803,4.32962,4.56794,4.81205,5.06115,5.31455,5.57154,5.83144,6.09356,6.35728,6.62179
emission_relative_cumulative,Global,,1,1.04995,1.04803,1.04439,1.04128,1.03925,1.03714,1.03452,1.03242,1.0314,1.03094,1.03053,1.03005,1.0295,1.02907,1.02888,1.02874,1.02849,1.02806,1.02742,1.0266,1.02566,1.02463,1.02354,1.02242,1.02127,1.02012
slr_thermal,Global,m,0.103814,0.109539,0.116066,0.123439,0.131685,0.140821,0.150865,0.161832,0.173724,0.186542,0.200304,0.21503,0.230746,0.247471,0.265223,0.284024,0.3039,0.324886,0.347011,0.370303,0.394782,0.420464,0.44736,0.475477,0.504818,0.535381,0.567162
slr_cumgsic,Global,m,0.015,0.0231415,0.03154,0.0401814,0.0490363,0.0580681,0.0672393,0.0765084,0.0858277,0.0951506,0.104437,0.113651,0.122755,0.131714,0.140491,0.149054,0.157373,0.165422,0.173177,0.180614,0.187713,0.194453,0.200821,0.206804,0.212395,0.21759,0.22239
slr_cumgis,Global,m,0.006,0.0154801,0.0257557,0.0368743,0.048865,0.0617493,0.0755498,0.0902842,0.105959,0.12258,0.140167,0.158742,0.17833,0.198951,0.220625,0.243371,0.267215,0.292186,0.318312,0.345616,0.374114,0.403816,0.43473,0.466857,0.500195,0.534736,0.570468
total_SLR,Global,m,0.124814,0.148161,0.173361,0.200495,0.229587,0.260638,0.293655,0.328625,0.36551,0.404273,0.444907,0.487423,0.531831,0.578136,0.62634,0.676448,0.728488,0.782494,0.8385,0.896533,0.956608,1.01873,1.08291,1.14914,1.21741,1.28771,1.36002
damage_costs,CAN,fraction_of_GDP,0,0,0,0,0,0,0,0,0,0,0,0,0,0,0,0,0,0,0,0,0,0,0,0,0,0,0
damage_costs,USA,fraction_of_GDP,0,0,0,0,0,0,0,0,0,0,0,0,0,0,0,0,0,0,0,0,0,0,0,0,0,0,0
damage_costs,MEX,fraction_of_GDP,0,0,0,0,0,0,0,0,0,0,0,0,0,0,0,0,0,0,0,0,0,0,0,0,0,0,0
damage_costs,RCAM,fraction_of_GDP,0,0,0,0,0,0,0,0,0,0,0,0,0,0,0,0,0,0,0,0,0,0,0,0,0,0,0
damage_costs,BRA,fraction_of_GDP,0,0,0,0,0,0,0,0,0,0,0,0,0,0,0,0,0,0,0,0,0,0,0,0,0,0,0
damage_costs,RSAM,fraction_of_GDP,0,0,0,0,0,0,0,0,0,0,0,0,0,0,0,0,0,0,0,0,0,0,0,0,0,0,0
damage_costs,NAF,fraction_of_GDP,0,0,0,0,0,0,0,0,0,0,0,0,0,0,0,0,0,0,0,0,0,0,0,0,0,0,0
damage_costs,WAF,fraction_of_GDP,0,0,0,0,0,0,0,0,0,0,0,0,0,0,0,0,0,0,0,0,0,0,0,0,0,0,0
damage_costs,EAF,fraction_of_GDP,0,0,0,0,0,0,0,0,0,0,0,0,0,0,0,0,0,0,0,0,0,0,0,0,0,0,0
damage_costs,SAF,fraction_of_GDP,0,0,0,0,0,0,0,0,0,0,0,0,0,0,0,0,0,0,0,0,0,0,0,0,0,0,0
damage_costs,WEU,fraction_of_GDP,0,0,0,0,0,0,0,0,0,0,0,0,0,0,0,0,0,0,0,0,0,0,0,0,0,0,0
damage_costs,CEU,fraction_of_GDP,0,0,0,0,0,0,0,0,0,0,0,0,0,0,0,0,0,0,0,0,0,0,0,0,0,0,0
damage_costs,TUR,fraction_of_GDP,0,0,0,0,0,0,0,0,0,0,0,0,0,0,0,0,0,0,0,0,0,0,0,0,0,0,0
damage_costs,UKR,fraction_of_GDP,0,0,0,0,0,0,0,0,0,0,0,0,0,0,0,0,0,0,0,0,0,0,0,0,0,0,0
damage_costs,STAN,fraction_of_GDP,0,0,0,0,0,0,0,0,0,0,0,0,0,0,0,0,0,0,0,0,0,0,0,0,0,0,0
damage_costs,RUS,fraction_of_GDP,0,0,0,0,0,0,0,0,0,0,0,0,0,0,0,0,0,0,0,0,0,0,0,0,0,0,0
damage_costs,ME,fraction_of_GDP,0,0,0,0,0,0,0,0,0,0,0,0,0,0,0,0,0,0,0,0,0,0,0,0,0,0,0
damage_costs,INDIA,fraction_of_GDP,0,0,0,0,0,0,0,0,0,0,0,0,0,0,0,0,0,0,0,0,0,0,0,0,0,0,0
damage_costs,KOR,fraction_of_GDP,0,0,0,0,0,0,0,0,0,0,0,0,0,0,0,0,0,0,0,0,0,0,0,0,0,0,0
damage_costs,CHN,fraction_of_GDP,0,0,0,0,0,0,0,0,0,0,0,0,0,0,0,0,0,0,0,0,0,0,0,0,0,0,0
damage_costs,SEAS,fraction_of_GDP,0,0,0,0,0,0,0,0,0,0,0,0,0,0,0,0,0,0,0,0,0,0,0,0,0,0,0
damage_costs,INDO,fraction_of_GDP,0,0,0,0,0,0,0,0,0,0,0,0,0,0,0,0,0,0,0,0,0,0,0,0,0,0,0
damage_costs,JAP,fraction_of_GDP,0,0,0,0,0,0,0,0,0,0,0,0,0,0,0,0,0,0,0,0,0,0,0,0,0,0,0
damage_costs,OCE,fraction_of_GDP,0,0,0,0,0,0,0,0,0,0,0,0,0,0,0,0,0,0,0,0,0,0,0,0,0,0,0
damage_costs,RSAS,fraction_of_GDP,0,0,0,0,0,0,0,0,0,0,0,0,0,0,0,0,0,0,0,0,0,0,0,0,0,0,0
damage_costs,RSAF,fraction_of_GDP,0,0,0,0,0,0,0,0,0,0,0,0,0,0,0,0,0,0,0,0,0,0,0,0,0,0,0
resid_damages,CAN,fraction_of_GDP,0,0,0,0,0,0,0,0,0,0,0,0,0,0,0,0,0,0,0,0,0,0,0,0,0,0,0
resid_damages,USA,fraction_of_GDP,0,0,0,0,0,0,0,0,0,0,0,0,0,0,0,0,0,0,0,0,0,0,0,0,0,0,0
resid_damages,MEX,fraction_of_GDP,0,0,0,0,0,0,0,0,0,0,0,0,0,0,0,0,0,0,0,0,0,0,0,0,0,0,0
resid_damages,RCAM,fraction_of_GDP,0,0,0,0,0,0,0,0,0,0,0,0,0,0,0,0,0,0,0,0,0,0,0,0,0,0,0
resid_damages,BRA,fraction_of_GDP,0,0,0,0,0,0,0,0,0,0,0,0,0,0,0,0,0,0,0,0,0,0,0,0,0,0,0
resid_damages,RSAM,fraction_of_GDP,0,0,0,0,0,0,0,0,0,0,0,0,0,0,0,0,0,0,0,0,0,0,0,0,0,0,0
resid_damages,NAF,fraction_of_GDP,0,0,0,0,0,0,0,0,0,0,0,0,0,0,0,0,0,0,0,0,0,0,0,0,0,0,0
resid_damages,WAF,fraction_of_GDP,0,0,0,0,0,0,0,0,0,0,0,0,0,0,0,0,0,0,0,0,0,0,0,0,0,0,0
resid_damages,EAF,fraction_of_GDP,0,0,0,0,0,0,0,0,0,0,0,0,0,0,0,0,0,0,0,0,0,0,0,0,0,0,0
resid_damages,SAF,fraction_of_GDP,0,0,0,0,0,0,0,0,0,0,0,0,0,0,0,0,0,0,0,0,0,0,0,0,0,0,0
resid_damages,WEU,fraction_of_GDP,0,0,0,0,0,0,0,0,0,0,0,0,0,0,0,0,0,0,0,0,0,0,0,0,0,0,0
resid_damages,CEU,fraction_of_GDP,0,0,0,0,0,0,0,0,0,0,0,0,0,0,0,0,0,0,0,0,0,0,0,0,0,0,0
resid_damages,TUR,fraction_of_GDP,0,0,0,0,0,0,0,0,0,0,0,0,0,0,0,0,0,0,0,0,0,0,0,0,0,0,0
resid_damages,UKR,fraction_of_GDP,0,0,0,0,0,0,0,0,0,0,0,0,0,0,0,0,0,0,0,0,0,0,0,0,0,0,0
resid_damages,STAN,fraction_of_GDP,0,0,0,0,0,0,0,0,0,0,0,0,0,0,0,0,0,0,0,0,0,0,0,0,0,0,0
resid_damages,RUS,fraction_of_GDP,0,0,0,0,0,0,0,0,0,0,0,0,0,0,0,0,0,0,0,0,0,0,0,0,0,0,0
resid_damages,ME,fraction_of_GDP,0,0,0,0,0,0,0,0,0,0,0,0,0,0,0,0,0,0,0,0,0,0,0,0,0,0,0
resid_damages,INDIA,fraction_of_GDP,0,0,0,0,0,0,0,0,0,0,0,0,0,0,0,0,0,0,0,0,0,0,0,0,0,0,0
resid_damages,KOR,fraction_of_GDP,0,0,0,0,0,0,0,0,0,0,0,0,0,0,0,0,0,0,0,0,0,0,0,0,0,0,0
resid_damages,CHN,fraction_of_GDP,0,0,0,0,0,0,0,0,0,0,0,0,0,0,0,0,0,0,0,0,0,0,0,0,0,0,0
resid_damages,SEAS,fraction_of_GDP,0,0,0,0,0,0,0,0,0,0,0,0,0,0,0,0,0,0,0,0,0,0,0,0,0,0,0
resid_damages,INDO,fraction_of_GDP,0,0,0,0,0,0,0,0,0,0,0,0,0,0,0,0,0,0,0,0,0,0,0,0,0,0,0
resid_damages,JAP,fraction_of_GDP,0,0,0,0,0,0,0,0,0,0,0,0,0,0,0,0,0,0,0,0,0,0,0,0,0,0,0
resid_damages,OCE,fraction_of_GDP,0,0,0,0,0,0,0,0,0,0,0,0,0,0,0,0,0,0,0,0,0,0,0,0,0,0,0
resid_damages,RSAS,fraction_of_GDP,0,0,0,0,0,0,0,0,0,0,0,0,0,0,0,0,0,0,0,0,0,0,0,0,0,0,0
resid_damages,RSAF,fraction_of_GDP,0,0,0,0,0,0,0,0,0,0,0,0,0,0,0,0,0,0,0,0,0,0,0,0,0,0,0
SLR_damages,CAN,fraction_of_GDP,0,0,0,0,0,0,0,0,0,0,0,0,0,0,0,0,0,0,0,0,0,0,0,0,0,0,0
SLR_damages,USA,fraction_of_GDP,0,0,0,0,0,0,0,0,0,0,0,0,0,0,0,0,0,0,0,0,0,0,0,0,0,0,0
SLR_damages,MEX,fraction_of_GDP,0,0,0,0,0,0,0,0,0,0,0,0,0,0,0,0,0,0,0,0,0,0,0,0,0,0,0
SLR_damages,RCAM,fraction_of_GDP,0,0,0,0,0,0,0,0,0,0,0,0,0,0,0,0,0,0,0,0,0,0,0,0,0,0,0
SLR_damages,BRA,fraction_of_GDP,0,0,0,0,0,0,0,0,0,0,0,0,0,0,0,0,0,0,0,0,0,0,0,0,0,0,0
SLR_damages,RSAM,fraction_of_GDP,0,0,0,0,0,0,0,0,0,0,0,0,0,0,0,0,0,0,0,0,0,0,0,0,0,0,0
SLR_damages,NAF,fraction_of_GDP,0,0,0,0,0,0,0,0,0,0,0,0,0,0,0,0,0,0,0,0,0,0,0,0,0,0,0
SLR_damages,WAF,fraction_of_GDP,0,0,0,0,0,0,0,0,0,0,0,0,0,0,0,0,0,0,0,0,0,0,0,0,0,0,0
SLR_damages,EAF,fraction_of_GDP,0,0,0,0,0,0,0,0,0,0,0,0,0,0,0,0,0,0,0,0,0,0,0,0,0,0,0
SLR_damages,SAF,fraction_of_GDP,0,0,0,0,0,0,0,0,0,0,0,0,0,0,0,0,0,0,0,0,0,0,0,0,0,0,0
SLR_damages,WEU,fraction_of_GDP,0,0,0,0,0,0,0,0,0,0,0,0,0,0,0,0,0,0,0,0,0,0,0,0,0,0,0
SLR_damages,CEU,fraction_of_GDP,0,0,0,0,0,0,0,0,0,0,0,0,0,0,0,0,0,0,0,0,0,0,0,0,0,0,0
SLR_damages,TUR,fraction_of_GDP,0,0,0,0,0,0,0,0,0,0,0,0,0,0,0,0,0,0,0,0,0,0,0,0,0,0,0
SLR_damages,UKR,fraction_of_GDP,0,0,0,0,0,0,0,0,0,0,0,0,0,0,0,0,0,0,0,0,0,0,0,0,0,0,0
SLR_damages,STAN,fraction_of_GDP,0,0,0,0,0,0,0,0,0,0,0,0,0,0,0,0,0,0,0,0,0,0,0,0,0,0,0
SLR_damages,RUS,fraction_of_GDP,0,0,0,0,0,0,0,0,0,0,0,0,0,0,0,0,0,0,0,0,0,0,0,0,0,0,0
SLR_damages,ME,fraction_of_GDP,0,0,0,0,0,0,0,0,0,0,0,0,0,0,0,0,0,0,0,0,0,0,0,0,0,0,0
SLR_damages,INDIA,fraction_of_GDP,0,0,0,0,0,0,0,0,0,0,0,0,0,0,0,0,0,0,0,0,0,0,0,0,0,0,0
SLR_damages,KOR,fraction_of_GDP,0,0,0,0,0,0,0,0,0,0,0,0,0,0,0,0,0,0,0,0,0,0,0,0,0,0,0
SLR_damages,CHN,fraction_of_GDP,0,0,0,0,0,0,0,0,0,0,0,0,0,0,0,0,0,0,0,0,0,0,0,0,0,0,0
SLR_damages,SEAS,fraction_of_GDP,0,0,0,0,0,0,0,0,0,0,0,0,0,0,0,0,0,0,0,0,0,0,0,0,0,0,0
SLR_damages,INDO,fraction_of_GDP,0,0,0,0,0,0,0,0,0,0,0,0,0,0,0,0,0,0,0,0,0,0,0,0,0,0,0
SLR_damages,JAP,fraction_of_GDP,0,0,0,0,0,0,0,0,0,0,0,0,0,0,0,0,0,0,0,0,0,0,0,0,0,0,0
SLR_damages,OCE,fraction_of_GDP,0,0,0,0,0,0,0,0,0,0,0,0,0,0,0,0,0,0,0,0,0,0,0,0,0,0,0
SLR_damages,RSAS,fraction_of_GDP,0,0,0,0,0,0,0,0,0,0,0,0,0,0,0,0,0,0,0,0,0,0,0,0,0,0,0
SLR_damages,RSAF,fraction_of_GDP,0,0,0,0,0,0,0,0,0,0,0,0,0,0,0,0,0,0,0,0,0,0,0,0,0,0,0
LBD_factor,Global,,0.999998,1.0976,1.2583,1.5539,3.31679,12.2984,17.7369,21.1261,24.0144,27.3841,30.9546,34.3007,37.3432,40.0984,42.8474,45.7892,48.7332,51.4655,53.8664,55.8483,57.414,58.6477,59.5349,60.1198,60.4288,60.4563,60.2429
LOT_factor,Global,,1,1,1,1,1,1,1,1,1,1,1,1,1,1,1,1,1,1,1,1,1,1,1,1,1,1,1
learning_factor,Global,,0.999998,1.0976,1.2583,1.5539,3.31679,12.2984,17.7369,21.1261,24.0144,27.3841,30.9546,34.3007,37.3432,40.0984,42.8474,45.7892,48.7332,51.4655,53.8664,55.8483,57.414,58.6477,59.5349,60.1198,60.4288,60.4563,60.2429
abatement_costs,CAN,trillion*usd/yr,0,0,0,0,0,0,0,0,0,0,0,0,0,0,0,0,0,0,0,0,0,0,0,0,0,0,0
abatement_costs,USA,trillion*usd/yr,0,0,0,0,0,0,0,0,0,0,0,0,0,0,0,0,0,0,0,0,0,0,0,0,0,0,0
abatement_costs,MEX,trillion*usd/yr,0,0,0,0,0,0,0,0,0,0,0,0,0,0,0,0,0,0,0,0,0,0,0,0,0,0,0
abatement_costs,RCAM,trillion*usd/yr,0,0,0,0,0,0,0,0,0,0,0,0,0,0,0,0,0,0,0,0,0,0,0,0,0,0,0
abatement_costs,BRA,trillion*usd/yr,0,0,0,0,0,0,0,0,0,0,0,0,0,0,0,0,0,0,0,0,0,0,0,0,0,0,0
abatement_costs,RSAM,trillion*usd/yr,0,0,0,0,0,0,0,0,0,0,0,0,0,0,0,0,0,0,0,0,0,0,0,0,0,0,0
abatement_costs,NAF,trillion*usd/yr,0,0,0,0,0,0,0,0,0,0,0,0,0,0,0,0,0,0,0,0,0,0,0,0,0,0,0
abatement_costs,WAF,trillion*usd/yr,0,0,0,0,0,0,0,0,0,0,0,0,0,0,0,0,0,0,0,0,0,0,0,0,0,0,0
abatement_costs,EAF,trillion*usd/yr,0,0,0,0,0,0,0,0,0,0,0,0,0,0,0,0,0,0,0,0,0,0,0,0,0,0,0
abatement_costs,SAF,trillion*usd/yr,0,0,0,0,0,0,0,0,0,0,0,0,0,0,0,0,0,0,0,0,0,0,0,0,0,0,0
abatement_costs,WEU,trillion*usd/yr,0,0,0,0,0,0,0,0,0,0,0,0,0,0,0,0,0,0,0,0,0,0,0,0,0,0,0
abatement_costs,CEU,trillion*usd/yr,0,0,0,0,0,0,0,0,0,0,0,0,0,0,0,0,0,0,0,0,0,0,0,0,0,0,0
abatement_costs,TUR,trillion*usd/yr,0,0,0,0,0,0,0,0,0,0,0,0,0,0,0,0,0,0,0,0,0,0,0,0,0,0,0
abatement_costs,UKR,trillion*usd/yr,0,0,0,0,0,0,0,0,0,0,0,0,0,0,0,0,0,0,0,0,0,0,0,0,0,0,0
abatement_costs,STAN,trillion*usd/yr,0,0,0,0,0,0,0,0,0,0,0,0,0,0,0,0,0,0,0,0,0,0,0,0,0,0,0
abatement_costs,RUS,trillion*usd/yr,0,0,0,0,0,0,0,0,0,0,0,0,0,0,0,0,0,0,0,0,0,0,0,0,0,0,0
abatement_costs,ME,trillion*usd/yr,0,0,0,0,0,0,0,0,0,0,0,0,0,0,0,0,0,0,0,0,0,0,0,0,0,0,0
abatement_costs,INDIA,trillion*usd/yr,0,0,0,0,0,0,0,0,0,0,0,0,0,0,0,0,0,0,0,0,0,0,0,0,0,0,0
abatement_costs,KOR,trillion*usd/yr,0,0,0,0,0,0,0,0,0,0,0,0,0,0,0,0,0,0,0,0,0,0,0,0,0,0,0
abatement_costs,CHN,trillion*usd/yr,0,0,0,0,0,0,0,0,0,0,0,0,0,0,0,0,0,0,0,0,0,0,0,0,0,0,0
abatement_costs,SEAS,trillion*usd/yr,0,0,0,0,0,0,0,0,0,0,0,0,0,0,0,0,0,0,0,0,0,0,0,0,0,0,0
abatement_costs,INDO,trillion*usd/yr,0,0,0,0,0,0,0,0,0,0,0,0,0,0,0,0,0,0,0,0,0,0,0,0,0,0,0
abatement_costs,JAP,trillion*usd/yr,0,0,0,0,0,0,0,0,0,0,0,0,0,0,0,0,0,0,0,0,0,0,0,0,0,0,0
abatement_costs,OCE,trillion*usd/yr,0,0,0,0,0,0,0,0,0,0,0,0,0,0,0,0,0,0,0,0,0,0,0,0,0,0,0
abatement_costs,RSAS,trillion*usd/yr,0,0,0,0,0,0,0,0,0,0,0,0,0,0,0,0,0,0,0,0,0,0,0,0,0,0,0
abatement_costs,RSAF,trillion*usd/yr,0,0,0,0,0,0,0,0,0,0,0,0,0,0,0,0,0,0,0,0,0,0,0,0,0,0,0
area_under_MAC,CAN,trillion*usd/yr,0,0,0,0,0,0,0,0,0,0,0,0,0,0,0,0,0,0,0,0,0,0,0,0,0,0,0
area_under_MAC,USA,trillion*usd/yr,0,0,0,0,0,0,0,0,0,0,0,0,0,0,0,0,0,0,0,0,0,0,0,0,0,0,0
area_under_MAC,MEX,trillion*usd/yr,0,0,0,0,0,0,0,0,0,0,0,0,0,0,0,0,0,0,0,0,0,0,0,0,0,0,0
area_under_MAC,RCAM,trillion*usd/yr,0,0,0,0,0,0,0,0,0,0,0,0,0,0,0,0,0,0,0,0,0,0,0,0,0,0,0
area_under_MAC,BRA,trillion*usd/yr,0,0,0,0,0,0,0,0,0,0,0,0,0,0,0,0,0,0,0,0,0,0,0,0,0,0,0
area_under_MAC,RSAM,trillion*usd/yr,0,0,0,0,0,0,0,0,0,0,0,0,0,0,0,0,0,0,0,0,0,0,0,0,0,0,0
area_under_MAC,NAF,trillion*usd/yr,0,0,0,0,0,0,0,0,0,0,0,0,0,0,0,0,0,0,0,0,0,0,0,0,0,0,0
area_under_MAC,WAF,trillion*usd/yr,0,0,0,0,0,0,0,0,0,0,0,0,0,0,0,0,0,0,0,0,0,0,0,0,0,0,0
area_under_MAC,EAF,trillion*usd/yr,0,0,0,0,0,0,0,0,0,0,0,0,0,0,0,0,0,0,0,0,0,0,0,0,0,0,0
area_under_MAC,SAF,trillion*usd/yr,0,0,0,0,0,0,0,0,0,0,0,0,0,0,0,0,0,0,0,0,0,0,0,0,0,0,0
area_under_MAC,WEU,trillion*usd/yr,0,0,0,0,0,0,0,0,0,0,0,0,0,0,0,0,0,0,0,0,0,0,0,0,0,0,0
area_under_MAC,CEU,trillion*usd/yr,0,0,0,0,0,0,0,0,0,0,0,0,0,0,0,0,0,0,0,0,0,0,0,0,0,0,0
area_under_MAC,TUR,trillion*usd/yr,0,0,0,0,0,0,0,0,0,0,0,0,0,0,0,0,0,0,0,0,0,0,0,0,0,0,0
area_under_MAC,UKR,trillion*usd/yr,0,0,0,0,0,0,0,0,0,0,0,0,0,0,0,0,0,0,0,0,0,0,0,0,0,0,0
area_under_MAC,STAN,trillion*usd/yr,0,0,0,0,0,0,0,0,0,0,0,0,0,0,0,0,0,0,0,0,0,0,0,0,0,0,0
area_under_MAC,RUS,trillion*usd/yr,0,0,0,0,0,0,0,0,0,0,0,0,0,0,0,0,0,0,0,0,0,0,0,0,0,0,0
area_under_MAC,ME,trillion*usd/yr,0,0,0,0,0,0,0,0,0,0,0,0,0,0,0,0,0,0,0,0,0,0,0,0,0,0,0
area_under_MAC,INDIA,trillion*usd/yr,0,0,0,0,0,0,0,0,0,0,0,0,0,0,0,0,0,0,0,0,0,0,0,0,0,0,0
area_under_MAC,KOR,trillion*usd/yr,0,0,0,0,0,0,0,0,0,0,0,0,0,0,0,0,0,0,0,0,0,0,0,0,0,0,0
area_under_MAC,CHN,trillion*usd/yr,0,0,0,0,0,0,0,0,0,0,0,0,0,0,0,0,0,0,0,0,0,0,0,0,0,0,0
area_under_MAC,SEAS,trillion*usd/yr,0,0,0,0,0,0,0,0,0,0,0,0,0,0,0,0,0,0,0,0,0,0,0,0,0,0,0
area_under_MAC,INDO,trillion*usd/yr,0,0,0,0,0,0,0,0,0,0,0,0,0,0,0,0,0,0,0,0,0,0,0,0,0,0,0
area_under_MAC,JAP,trillion*usd/yr,0,0,0,0,0,0,0,0,0,0,0,0,0,0,0,0,0,0,0,0,0,0,0,0,0,0,0
area_under_MAC,OCE,trillion*usd/yr,0,0,0,0,0,0,0,0,0,0,0,0,0,0,0,0,0,0,0,0,0,0,0,0,0,0,0
area_under_MAC,RSAS,trillion*usd/yr,0,0,0,0,0,0,0,0,0,0,0,0,0,0,0,0,0,0,0,0,0,0,0,0,0,0,0
area_under_MAC,RSAF,trillion*usd/yr,0,0,0,0,0,0,0,0,0,0,0,0,0,0,0,0,0,0,0,0,0,0,0,0,0,0,0
rel_abatement_costs,CAN,fraction_of_GDP,0,0,0,0,0,0,0,0,0,0,0,0,0,0,0,0,0,0,0,0,0,0,0,0,0,0,0
rel_abatement_costs,USA,fraction_of_GDP,0,0,0,0,0,0,0,0,0,0,0,0,0,0,0,0,0,0,0,0,0,0,0,0,0,0,0
rel_abatement_costs,MEX,fraction_of_GDP,0,0,0,0,0,0,0,0,0,0,0,0,0,0,0,0,0,0,0,0,0,0,0,0,0,0,0
rel_abatement_costs,RCAM,fraction_of_GDP,0,0,0,0,0,0,0,0,0,0,0,0,0,0,0,0,0,0,0,0,0,0,0,0,0,0,0
rel_abatement_costs,BRA,fraction_of_GDP,0,0,0,0,0,0,0,0,0,0,0,0,0,0,0,0,0,0,0,0,0,0,0,0,0,0,0
rel_abatement_costs,RSAM,fraction_of_GDP,0,0,0,0,0,0,0,0,0,0,0,0,0,0,0,0,0,0,0,0,0,0,0,0,0,0,0
rel_abatement_costs,NAF,fraction_of_GDP,0,0,0,0,0,0,0,0,0,0,0,0,0,0,0,0,0,0,0,0,0,0,0,0,0,0,0
rel_abatement_costs,WAF,fraction_of_GDP,0,0,0,0,0,0,0,0,0,0,0,0,0,0,0,0,0,0,0,0,0,0,0,0,0,0,0
rel_abatement_costs,EAF,fraction_of_GDP,0,0,0,0,0,0,0,0,0,0,0,0,0,0,0,0,0,0,0,0,0,0,0,0,0,0,0
rel_abatement_costs,SAF,fraction_of_GDP,0,0,0,0,0,0,0,0,0,0,0,0,0,0,0,0,0,0,0,0,0,0,0,0,0,0,0
rel_abatement_costs,WEU,fraction_of_GDP,0,0,0,0,0,0,0,0,0,0,0,0,0,0,0,0,0,0,0,0,0,0,0,0,0,0,0
rel_abatement_costs,CEU,fraction_of_GDP,0,0,0,0,0,0,0,0,0,0,0,0,0,0,0,0,0,0,0,0,0,0,0,0,0,0,0
rel_abatement_costs,TUR,fraction_of_GDP,0,0,0,0,0,0,0,0,0,0,0,0,0,0,0,0,0,0,0,0,0,0,0,0,0,0,0
rel_abatement_costs,UKR,fraction_of_GDP,0,0,0,0,0,0,0,0,0,0,0,0,0,0,0,0,0,0,0,0,0,0,0,0,0,0,0
rel_abatement_costs,STAN,fraction_of_GDP,0,0,0,0,0,0,0,0,0,0,0,0,0,0,0,0,0,0,0,0,0,0,0,0,0,0,0
rel_abatement_costs,RUS,fraction_of_GDP,0,0,0,0,0,0,0,0,0,0,0,0,0,0,0,0,0,0,0,0,0,0,0,0,0,0,0
rel_abatement_costs,ME,fraction_of_GDP,0,0,0,0,0,0,0,0,0,0,0,0,0,0,0,0,0,0,0,0,0,0,0,0,0,0,0
rel_abatement_costs,INDIA,fraction_of_GDP,0,0,0,0,0,0,0,0,0,0,0,0,0,0,0,0,0,0,0,0,0,0,0,0,0,0,0
rel_abatement_costs,KOR,fraction_of_GDP,0,0,0,0,0,0,0,0,0,0,0,0,0,0,0,0,0,0,0,0,0,0,0,0,0,0,0
rel_abatement_costs,CHN,fraction_of_GDP,0,0,0,0,0,0,0,0,0,0,0,0,0,0,0,0,0,0,0,0,0,0,0,0,0,0,0
rel_abatement_costs,SEAS,fraction_of_GDP,0,0,0,0,0,0,0,0,0,0,0,0,0,0,0,0,0,0,0,0,0,0,0,0,0,0,0
rel_abatement_costs,INDO,fraction_of_GDP,0,0,0,0,0,0,0,0,0,0,0,0,0,0,0,0,0,0,0,0,0,0,0,0,0,0,0
rel_abatement_costs,JAP,fraction_of_GDP,0,0,0,0,0,0,0,0,0,0,0,0,0,0,0,0,0,0,0,0,0,0,0,0,0,0,0
rel_abatement_costs,OCE,fraction_of_GDP,0,0,0,0,0,0,0,0,0,0,0,0,0,0,0,0,0,0,0,0,0,0,0,0,0,0,0
rel_abatement_costs,RSAS,fraction_of_GDP,0,0,0,0,0,0,0,0,0,0,0,0,0,0,0,0,0,0,0,0,0,0,0,0,0,0,0
rel_abatement_costs,RSAF,fraction_of_GDP,0,0,0,0,0,0,0,0,0,0,0,0,0,0,0,0,0,0,0,0,0,0,0,0,0,0,0
carbonprice,CAN,trillion*usd/GtCO2/yr,0,0,0,0,0,0,0,0,0,0,0,0,0,0,0,0,0,0,0,0,0,0,0,0,0,0,0
carbonprice,USA,trillion*usd/GtCO2/yr,0,0,0,0,0,0,0,0,0,0,0,0,0,0,0,0,0,0,0,0,0,0,0,0,0,0,0
carbonprice,MEX,trillion*usd/GtCO2/yr,0,0,0,0,0,0,0,0,0,0,0,0,0,0,0,0,0,0,0,0,0,0,0,0,0,0,0
carbonprice,RCAM,trillion*usd/GtCO2/yr,0,0,0,0,0,0,0,0,0,0,0,0,0,0,0,0,0,0,0,0,0,0,0,0,0,0,0
carbonprice,BRA,trillion*usd/GtCO2/yr,0,0,0,0,0,0,0,0,0,0,0,0,0,0,0,0,0,0,0,0,0,0,0,0,0,0,0
carbonprice,RSAM,trillion*usd/GtCO2/yr,0,0,0,0,0,0,0,0,0,0,0,0,0,0,0,0,0,0,0,0,0,0,0,0,0,0,0
carbonprice,NAF,trillion*usd/GtCO2/yr,0,0,0,0,0,0,0,0,0,0,0,0,0,0,0,0,0,0,0,0,0,0,0,0,0,0,0
carbonprice,WAF,trillion*usd/GtCO2/yr,0,0,0,0,0,0,0,0,0,0,0,0,0,0,0,0,0,0,0,0,0,0,0,0,0,0,0
carbonprice,EAF,trillion*usd/GtCO2/yr,0,0,0,0,0,0,0,0,0,0,0,0,0,0,0,0,0,0,0,0,0,0,0,0,0,0,0
carbonprice,SAF,trillion*usd/GtCO2/yr,0,0,0,0,0,0,0,0,0,0,0,0,0,0,0,0,0,0,0,0,0,0,0,0,0,0,0
carbonprice,WEU,trillion*usd/GtCO2/yr,0,0,0,0,0,0,0,0,0,0,0,0,0,0,0,0,0,0,0,0,0,0,0,0,0,0,0
carbonprice,CEU,trillion*usd/GtCO2/yr,0,0,0,0,0,0,0,0,0,0,0,0,0,0,0,0,0,0,0,0,0,0,0,0,0,0,0
carbonprice,TUR,trillion*usd/GtCO2/yr,0,0,0,0,0,0,0,0,0,0,0,0,0,0,0,0,0,0,0,0,0,0,0,0,0,0,0
carbonprice,UKR,trillion*usd/GtCO2/yr,0,0,0,0,0,0,0,0,0,0,0,0,0,0,0,0,0,0,0,0,0,0,0,0,0,0,0
carbonprice,STAN,trillion*usd/GtCO2/yr,0,0,0,0,0,0,0,0,0,0,0,0,0,0,0,0,0,0,0,0,0,0,0,0,0,0,0
carbonprice,RUS,trillion*usd/GtCO2/yr,0,0,0,0,0,0,0,0,0,0,0,0,0,0,0,0,0,0,0,0,0,0,0,0,0,0,0
carbonprice,ME,trillion*usd/GtCO2/yr,0,0,0,0,0,0,0,0,0,0,0,0,0,0,0,0,0,0,0,0,0,0,0,0,0,0,0
carbonprice,INDIA,trillion*usd/GtCO2/yr,0,0,0,0,0,0,0,0,0,0,0,0,0,0,0,0,0,0,0,0,0,0,0,0,0,0,0
carbonprice,KOR,trillion*usd/GtCO2/yr,0,0,0,0,0,0,0,0,0,0,0,0,0,0,0,0,0,0,0,0,0,0,0,0,0,0,0
carbonprice,CHN,trillion*usd/GtCO2/yr,0,0,0,0,0,0,0,0,0,0,0,0,0,0,0,0,0,0,0,0,0,0,0,0,0,0,0
carbonprice,SEAS,trillion*usd/GtCO2/yr,0,0,0,0,0,0,0,0,0,0,0,0,0,0,0,0,0,0,0,0,0,0,0,0,0,0,0
carbonprice,INDO,trillion*usd/GtCO2/yr,0,0,0,0,0,0,0,0,0,0,0,0,0,0,0,0,0,0,0,0,0,0,0,0,0,0,0
carbonprice,JAP,trillion*usd/GtCO2/yr,0,0,0,0,0,0,0,0,0,0,0,0,0,0,0,0,0,0,0,0,0,0,0,0,0,0,0
carbonprice,OCE,trillion*usd/GtCO2/yr,0,0,0,0,0,0,0,0,0,0,0,0,0,0,0,0,0,0,0,0,0,0,0,0,0,0,0
carbonprice,RSAS,trillion*usd/GtCO2/yr,0,0,0,0,0,0,0,0,0,0,0,0,0,0,0,0,0,0,0,0,0,0,0,0,0,0,0
carbonprice,RSAF,trillion*usd/GtCO2/yr,0,0,0,0,0,0,0,0,0,0,0,0,0,0,0,0,0,0,0,0,0,0,0,0,0,0,0
extra_paid_abatement,CAN,trillion*usd/yr,0,0,0,0,0,0,0,0,0,0,0,0,0,0,0,0,0,0,0,0,0,0,0,0,0,0,0
extra_paid_abatement,USA,trillion*usd/yr,0,0,0,0,0,0,0,0,0,0,0,0,0,0,0,0,0,0,0,0,0,0,0,0,0,0,0
extra_paid_abatement,MEX,trillion*usd/yr,0,0,0,0,0,0,0,0,0,0,0,0,0,0,0,0,0,0,0,0,0,0,0,0,0,0,0
extra_paid_abatement,RCAM,trillion*usd/yr,0,0,0,0,0,0,0,0,0,0,0,0,0,0,0,0,0,0,0,0,0,0,0,0,0,0,0
extra_paid_abatement,BRA,trillion*usd/yr,0,0,0,0,0,0,0,0,0,0,0,0,0,0,0,0,0,0,0,0,0,0,0,0,0,0,0
extra_paid_abatement,RSAM,trillion*usd/yr,0,0,0,0,0,0,0,0,0,0,0,0,0,0,0,0,0,0,0,0,0,0,0,0,0,0,0
extra_paid_abatement,NAF,trillion*usd/yr,0,0,0,0,0,0,0,0,0,0,0,0,0,0,0,0,0,0,0,0,0,0,0,0,0,0,0
extra_paid_abatement,WAF,trillion*usd/yr,0,0,0,0,0,0,0,0,0,0,0,0,0,0,0,0,0,0,0,0,0,0,0,0,0,0,0
extra_paid_abatement,EAF,trillion*usd/yr,0,0,0,0,0,0,0,0,0,0,0,0,0,0,0,0,0,0,0,0,0,0,0,0,0,0,0
extra_paid_abatement,SAF,trillion*usd/yr,0,0,0,0,0,0,0,0,0,0,0,0,0,0,0,0,0,0,0,0,0,0,0,0,0,0,0
extra_paid_abatement,WEU,trillion*usd/yr,0,0,0,0,0,0,0,0,0,0,0,0,0,0,0,0,0,0,0,0,0,0,0,0,0,0,0
extra_paid_abatement,CEU,trillion*usd/yr,0,0,0,0,0,0,0,0,0,0,0,0,0,0,0,0,0,0,0,0,0,0,0,0,0,0,0
extra_paid_abatement,TUR,trillion*usd/yr,0,0,0,0,0,0,0,0,0,0,0,0,0,0,0,0,0,0,0,0,0,0,0,0,0,0,0
extra_paid_abatement,UKR,trillion*usd/yr,0,0,0,0,0,0,0,0,0,0,0,0,0,0,0,0,0,0,0,0,0,0,0,0,0,0,0
extra_paid_abatement,STAN,trillion*usd/yr,0,0,0,0,0,0,0,0,0,0,0,0,0,0,0,0,0,0,0,0,0,0,0,0,0,0,0
extra_paid_abatement,RUS,trillion*usd/yr,0,0,0,0,0,0,0,0,0,0,0,0,0,0,0,0,0,0,0,0,0,0,0,0,0,0,0
extra_paid_abatement,ME,trillion*usd/yr,0,0,0,0,0,0,0,0,0,0,0,0,0,0,0,0,0,0,0,0,0,0,0,0,0,0,0
extra_paid_abatement,INDIA,trillion*usd/yr,0,0,0,0,0,0,0,0,0,0,0,0,0,0,0,0,0,0,0,0,0,0,0,0,0,0,0
extra_paid_abatement,KOR,trillion*usd/yr,0,0,0,0,0,0,0,0,0,0,0,0,0,0,0,0,0,0,0,0,0,0,0,0,0,0,0
extra_paid_abatement,CHN,trillion*usd/yr,0,0,0,0,0,0,0,0,0,0,0,0,0,0,0,0,0,0,0,0,0,0,0,0,0,0,0
extra_paid_abatement,SEAS,trillion*usd/yr,0,0,0,0,0,0,0,0,0,0,0,0,0,0,0,0,0,0,0,0,0,0,0,0,0,0,0
extra_paid_abatement,INDO,trillion*usd/yr,0,0,0,0,0,0,0,0,0,0,0,0,0,0,0,0,0,0,0,0,0,0,0,0,0,0,0
extra_paid_abatement,JAP,trillion*usd/yr,0,0,0,0,0,0,0,0,0,0,0,0,0,0,0,0,0,0,0,0,0,0,0,0,0,0,0
extra_paid_abatement,OCE,trillion*usd/yr,0,0,0,0,0,0,0,0,0,0,0,0,0,0,0,0,0,0,0,0,0,0,0,0,0,0,0
extra_paid_abatement,RSAS,trillion*usd/yr,0,0,0,0,0,0,0,0,0,0,0,0,0,0,0,0,0,0,0,0,0,0,0,0,0,0,0
extra_paid_abatement,RSAF,trillion*usd/yr,0,0,0,0,0,0,0,0,0,0,0,0,0,0,0,0,0,0,0,0,0,0,0,0,0,0,0
extra_received_abatement,CAN,trillion*usd/yr,0,0,0,0,0,0,0,0,0,0,0,0,0,0,0,0,0,0,0,0,0,0,0,0,0,0,0
extra_received_abatement,USA,trillion*usd/yr,0,0,0,0,0,0,0,0,0,0,0,0,0,0,0,0,0,0,0,0,0,0,0,0,0,0,0
extra_received_abatement,MEX,trillion*usd/yr,0,0,0,0,0,0,0,0,0,0,0,0,0,0,0,0,0,0,0,0,0,0,0,0,0,0,0
extra_received_abatement,RCAM,trillion*usd/yr,0,0,0,0,0,0,0,0,0,0,0,0,0,0,0,0,0,0,0,0,0,0,0,0,0,0,0
extra_received_abatement,BRA,trillion*usd/yr,0,0,0,0,0,0,0,0,0,0,0,0,0,0,0,0,0,0,0,0,0,0,0,0,0,0,0
extra_received_abatement,RSAM,trillion*usd/yr,0,0,0,0,0,0,0,0,0,0,0,0,0,0,0,0,0,0,0,0,0,0,0,0,0,0,0
extra_received_abatement,NAF,trillion*usd/yr,0,0,0,0,0,0,0,0,0,0,0,0,0,0,0,0,0,0,0,0,0,0,0,0,0,0,0
extra_received_abatement,WAF,trillion*usd/yr,0,0,0,0,0,0,0,0,0,0,0,0,0,0,0,0,0,0,0,0,0,0,0,0,0,0,0
extra_received_abatement,EAF,trillion*usd/yr,0,0,0,0,0,0,0,0,0,0,0,0,0,0,0,0,0,0,0,0,0,0,0,0,0,0,0
extra_received_abatement,SAF,trillion*usd/yr,0,0,0,0,0,0,0,0,0,0,0,0,0,0,0,0,0,0,0,0,0,0,0,0,0,0,0
extra_received_abatement,WEU,trillion*usd/yr,0,0,0,0,0,0,0,0,0,0,0,0,0,0,0,0,0,0,0,0,0,0,0,0,0,0,0
extra_received_abatement,CEU,trillion*usd/yr,0,0,0,0,0,0,0,0,0,0,0,0,0,0,0,0,0,0,0,0,0,0,0,0,0,0,0
extra_received_abatement,TUR,trillion*usd/yr,0,0,0,0,0,0,0,0,0,0,0,0,0,0,0,0,0,0,0,0,0,0,0,0,0,0,0
extra_received_abatement,UKR,trillion*usd/yr,0,0,0,0,0,0,0,0,0,0,0,0,0,0,0,0,0,0,0,0,0,0,0,0,0,0,0
extra_received_abatement,STAN,trillion*usd/yr,0,0,0,0,0,0,0,0,0,0,0,0,0,0,0,0,0,0,0,0,0,0,0,0,0,0,0
extra_received_abatement,RUS,trillion*usd/yr,0,0,0,0,0,0,0,0,0,0,0,0,0,0,0,0,0,0,0,0,0,0,0,0,0,0,0
extra_received_abatement,ME,trillion*usd/yr,0,0,0,0,0,0,0,0,0,0,0,0,0,0,0,0,0,0,0,0,0,0,0,0,0,0,0
extra_received_abatement,INDIA,trillion*usd/yr,0,0,0,0,0,0,0,0,0,0,0,0,0,0,0,0,0,0,0,0,0,0,0,0,0,0,0
extra_received_abatement,KOR,trillion*usd/yr,0,0,0,0,0,0,0,0,0,0,0,0,0,0,0,0,0,0,0,0,0,0,0,0,0,0,0
extra_received_abatement,CHN,trillion*usd/yr,0,0,0,0,0,0,0,0,0,0,0,0,0,0,0,0,0,0,0,0,0,0,0,0,0,0,0
extra_received_abatement,SEAS,trillion*usd/yr,0,0,0,0,0,0,0,0,0,0,0,0,0,0,0,0,0,0,0,0,0,0,0,0,0,0,0
extra_received_abatement,INDO,trillion*usd/yr,0,0,0,0,0,0,0,0,0,0,0,0,0,0,0,0,0,0,0,0,0,0,0,0,0,0,0
extra_received_abatement,JAP,trillion*usd/yr,0,0,0,0,0,0,0,0,0,0,0,0,0,0,0,0,0,0,0,0,0,0,0,0,0,0,0
extra_received_abatement,OCE,trillion*usd/yr,0,0,0,0,0,0,0,0,0,0,0,0,0,0,0,0,0,0,0,0,0,0,0,0,0,0,0
extra_received_abatement,RSAS,trillion*usd/yr,0,0,0,0,0,0,0,0,0,0,0,0,0,0,0,0,0,0,0,0,0,0,0,0,0,0,0
extra_received_abatement,RSAF,trillion*usd/yr,0,0,0,0,0,0,0,0,0,0,0,0,0,0,0,0,0,0,0,0,0,0,0,0,0,0,0
global_rel_abatement_costs,Global,,0,0,0,0,0,0,0,0,0,0,0,0,0,0,0,0,0,0,0,0,0,0,0,0,0,0,0
capital_stock,CAN,trillion*usd/yr,3.06075,3.94538,4.8115,5.67895,6.55762,7.44802,8.34783,9.25649,10.186,11.1566,12.1777,13.2469,14.3572,15.5,16.6689,17.8606,19.0755,20.3134,21.5562,22.7726,23.9393,25.0425,26.0705,27.0125,27.8614,28.6118,29.255
capital_stock,USA,trillion*usd/yr,33.4009,42.9322,52.2807,61.3286,70.0069,78.3093,86.2696,93.9511,101.442,108.833,116.137,123.308,130.32,137.171,143.845,150.318,156.623,162.821,168.883,174.703,180.205,185.35,190.103,194.431,198.313,201.735,204.664
capital_stock,MEX,trillion*usd/yr,3.686,4.96314,6.31972,7.7609,9.29535,10.9357,12.6937,14.5791,16.5984,18.756,21.0558,23.5013,26.0916,28.8239,31.6989,34.7199,37.8827,41.1664,44.5056,47.8034,50.9876,54.0133,56.843,59.4431,61.7907,63.8689,65.6505
capital_stock,RCAM,trillion*usd/yr,1.0413,1.8912,2.79948,3.77929,4.84753,6.02509,7.32903,8.77264,10.3695,12.1335,14.0758,16.205,18.5268,21.0448,23.7604,26.6718,29.7667,33.0149,36.3422,39.6442,42.8435,45.8911,48.7467,51.3743,53.749,55.8524,57.6559
capital_stock,BRA,trillion*usd/yr,5.32128,7.05212,8.86852,10.7298,12.6162,14.5294,16.473,18.4468,20.4432,22.4503,24.4669,26.4993,28.5445,30.5914,32.638,34.6912,36.7601,38.8475,40.9276,42.9531,44.8887,46.7136,48.4104,49.9627,51.3599,52.5942,53.6519
capital_stock,RSAM,trillion*usd/yr,5.99268,7.97139,10.1481,12.5202,15.0885,17.8572,20.8301,24.0089,27.3924,30.9754,34.7443,38.6803,42.7688,46.9983,51.3492,55.7987,60.3428,64.981,69.6451,74.2148,78.6007,82.7499,86.6177,90.1631,93.3584,96.1836,98.6046
capital_stock,NAF,trillion*usd/yr,2.49252,3.57114,4.86384,6.36353,8.06715,9.98058,12.1101,14.4611,17.0398,19.8484,22.8676,26.062,29.4063,32.8853,36.4816,40.1776,43.9691,47.8522,51.7662,55.6072,59.298,62.7927,66.0526,69.0422,71.7376,74.1213,76.1638
capital_stock,WAF,trillion*usd/yr,1.67816,2.8104,4.29074,6.208,8.69217,11.9147,16.0851,21.4439,28.2574,36.8085,47.3782,60.232,75.5778,93.5864,114.464,138.371,165.096,194.041,224.256,254.617,284.292,312.744,339.526,364.255,386.657,406.53,423.569
capital_stock,EAF,trillion*usd/yr,0.886128,1.35569,1.9698,2.76815,3.81165,5.18142,6.97128,9.28564,12.2437,15.9769,20.622,26.3137,33.161,41.2599,50.7405,61.7184,74.0964,87.567,101.665,115.856,129.744,143.071,155.624,167.219,177.728,187.051,195.046
capital_stock,SAF,trillion*usd/yr,1.37501,1.82282,2.3264,2.87823,3.47154,4.1019,4.76733,5.46747,6.2016,6.9679,7.76165,8.57594,9.40409,10.2395,11.0731,11.8956,12.708,13.5168,14.3162,15.0897,15.825,16.5156,17.1558,17.7403,18.2656,18.729,19.1258
capital_stock,WEU,trillion*usd/yr,27.8288,35.8186,43.3455,50.6037,57.7402,64.87,72.0744,79.4129,86.9581,94.7827,102.891,111.231,119.772,128.504,137.413,146.479,155.705,165.092,174.506,183.715,192.543,200.887,208.66,215.781,222.197,227.869,232.731
capital_stock,CEU,trillion*usd/yr,4.13085,5.78456,7.44029,9.09255,10.7242,12.3149,13.8574,15.3589,16.8383,18.3178,19.7946,21.2456,22.6569,24.0273,25.3643,26.6807,27.9874,29.2893,30.5739,31.816,32.9969,34.1059,35.1337,36.072,36.915,37.6591,38.2964
capital_stock,TUR,trillion*usd/yr,2.07729,3.08813,4.15389,5.27098,6.43881,7.65898,8.93139,10.2542,11.6259,13.0448,14.5041,15.9932,17.5044,19.0325,20.5708,22.1127,23.6607,25.2201,26.7735,28.2854,29.7293,31.0901,32.355,33.512,34.5532,35.4729,36.2608
capital_stock,UKR,trillion*usd/yr,1.07852,1.40555,1.76848,2.16351,2.58266,3.0174,3.46576,3.93197,4.42298,4.94465,5.49152,6.04977,6.61149,7.17511,7.73859,8.2993,8.85845,9.41891,9.97528,10.5154,11.0302,11.5146,11.9645,12.3756,12.7453,13.0717,13.3513
capital_stock,STAN,trillion*usd/yr,0.754626,1.30308,1.9387,2.63878,3.37632,4.1239,4.86126,5.57792,6.28152,6.99051,7.70863,8.42657,9.14074,9.85458,10.5713,11.2927,12.0214,12.758,13.4932,14.21,14.8955,15.5421,16.1436,16.6942,17.1898,17.6277,18.003
capital_stock,RUS,trillion*usd/yr,4.45929,6.61524,8.83632,11.0896,13.3096,15.422,17.4161,19.3381,21.2471,23.1921,25.1635,27.1086,29.0018,30.8477,32.6532,34.4234,36.1687,37.9004,39.605,41.2499,42.811,44.2751,45.631,46.8677,47.9784,48.9582,49.7975
capital_stock,ME,trillion*usd/yr,7.50372,10.0129,12.8512,16.0051,19.4395,23.1093,26.9899,31.0815,35.4092,40.0096,44.8888,50.0276,55.4181,61.0663,66.9752,73.1421,79.5587,86.1933,92.922,99.555,105.95,112.021,117.695,122.905,127.607,131.768,135.335
capital_stock,INDIA,trillion*usd/yr,12.7486,18.4856,25.7245,34.485,44.8008,56.7206,70.2619,85.4086,102.125,120.345,139.917,160.628,182.27,204.647,227.516,250.644,274.005,297.675,321.368,344.5,366.641,387.545,407.004,424.82,440.864,455.041,467.184
capital_stock,KOR,trillion*usd/yr,4.62268,5.6773,6.80173,7.94565,9.07177,10.1572,11.1852,12.1429,13.0211,13.8152,14.5283,15.1689,15.7458,16.2654,16.7297,17.1387,17.4991,17.8224,18.1156,18.3804,18.6183,18.8318,19.0226,19.1918,19.3406,19.47,19.5802
capital_stock,CHN,trillion*usd/yr,53.3604,72.0124,94.1119,117.694,141.495,164.872,187.131,207.534,225.82,242.118,256.51,268.981,279.577,288.419,295.694,301.625,306.448,310.388,313.623,316.284,318.476,320.288,321.791,323.04,324.081,324.952,325.683
capital_stock,SEAS,trillion*usd/yr,7.10967,9.04478,11.3711,14.0577,17.0915,20.4763,24.2115,28.2902,32.7071,37.4563,42.5191,47.865,53.4594,59.2664,65.25,71.3801,77.6523,84.0632,90.5162,96.8429,102.918,108.668,114.029,118.944,123.374,127.292,130.649
capital_stock,INDO,trillion*usd/yr,2.98336,4.48376,6.33604,8.51568,10.999,13.7664,16.7927,20.0464,23.4909,27.0866,30.7952,34.5828,38.4286,42.3197,46.2354,50.1522,54.0754,58.0226,61.9523,65.7747,69.4234,72.8611,76.0559,78.9777,81.6065,83.9282,85.9167
capital_stock,JAP,trillion*usd/yr,11.2971,13.0788,14.7005,16.1482,17.432,18.5874,19.6498,20.6484,21.6017,22.5187,23.4001,24.2428,25.0498,25.8296,26.589,27.3323,28.0644,28.7895,29.502,30.1886,30.8396,31.4498,32.0144,32.5293,32.9915,33.3992,33.7486
capital_stock,OCE,trillion*usd/yr,2.53847,3.21315,3.90903,4.62328,5.35952,6.12583,6.92539,7.75782,8.62943,9.5507,10.5219,11.5335,12.5753,13.6385,14.7162,15.8048,16.9054,18.02,19.1345,20.222,21.2628,22.2452,23.1595,23.9965,24.7502,25.4162,25.9868
capital_stock,RSAS,trillion*usd/yr,2.34703,3.44021,4.7872,6.42553,8.40833,10.8026,13.6747,17.0902,21.1225,25.8499,31.342,37.6541,44.8111,52.8205,61.7148,71.5319,82.2165,93.6017,105.372,117.127,128.566,139.499,149.766,159.231,167.795,175.386,181.895
capital_stock,RSAF,trillion*usd/yr,1.11306,1.44527,1.86211,2.37534,3.0201,3.85227,4.93552,6.33785,8.13325,10.4006,13.2208,16.6736,20.8281,25.7487,31.5226,38.2276,45.8047,54.061,62.7081,71.4163,79.9417,88.1246,95.8336,102.955,109.41,115.138,120.049
GDP_gross,CAN,trillion*usd/yr,1.53663,1.69253,1.86149,2.04966,2.24965,2.45265,2.65548,2.85966,3.07975,3.32803,3.59612,3.87231,4.15066,4.42778,4.70449,4.98295,5.26688,5.55534,5.82779,6.06478,6.26884,6.44601,6.59581,6.71692,6.81106,6.87907,6.91545
GDP_gross,USA,trillion*usd/yr,16.4132,18.327,20.1671,21.83,23.3478,24.7786,26.1677,27.5572,28.9899,30.4863,31.9778,33.396,34.755,36.0781,37.3469,38.5507,39.7484,40.9816,42.1584,43.1826,44.0647,44.8328,45.484,46.0116,46.4229,46.7217,46.8845
GDP_gross,MEX,trillion*usd/yr,1.94725,2.28562,2.65354,3.04462,3.46403,3.91831,4.40913,4.93661,5.49926,6.09575,6.72672,7.39225,8.08839,8.81212,9.56752,10.3575,11.1738,11.9966,12.7687,13.4399,14.0177,14.5186,14.9416,15.2831,15.5484,15.7396,15.8409
GDP_gross,RCAM,trillion*usd/yr,1.00194,1.21689,1.46817,1.74739,2.06176,2.41956,2.82086,3.26491,3.75488,4.29408,4.88245,5.51912,6.20279,6.93206,7.70542,8.51912,9.36061,10.2066,10.9986,11.686,12.2773,12.7896,13.2219,13.5709,13.8416,14.0365,14.1393
GDP_gross,BRA,trillion*usd/yr,2.69709,3.16777,3.6406,4.08437,4.51469,4.95243,5.40005,5.85416,6.30568,6.74835,7.19188,7.64491,8.0976,8.54026,8.98082,9.42958,9.89018,10.3576,10.7988,11.1831,11.5145,11.8024,12.0458,12.2427,12.396,12.5068,12.5664
GDP_gross,RSAM,trillion*usd/yr,2.98889,3.6019,4.25941,4.95655,5.69676,6.4842,7.31906,8.20005,9.12402,10.0859,11.075,12.0821,13.1082,14.1537,15.2068,16.2592,17.3284,18.4173,19.4468,20.3415,21.1113,21.7798,22.3451,22.8019,23.1569,23.4132,23.5498
GDP_gross,NAF,trillion*usd/yr,1.38645,1.79666,2.27904,2.79927,3.36054,3.97259,4.63721,5.35467,6.12703,6.95113,7.80213,8.65734,9.52055,10.3983,11.2849,12.1761,13.084,14.0078,14.8804,15.6384,16.2906,16.8568,17.3355,17.7222,18.0227,18.2393,18.3545
GDP_gross,WAF,trillion*usd/yr,1.18563,1.68382,2.33428,3.16345,4.23858,5.63605,7.4373,9.72362,12.577,16.0742,20.2739,25.2184,30.8981,37.314,44.544,52.5809,61.0213,69.3717,77.0915,83.7714,89.5124,94.4761,98.6571,102.028,104.64,106.512,107.485
GDP_gross,EAF,trillion*usd/yr,0.535203,0.739286,1.00925,1.35672,1.81503,2.42086,3.20656,4.20471,5.45512,6.99756,8.86688,11.0898,13.6657,16.6026,19.961,23.7522,27.7524,31.6952,35.3304,38.4758,41.1796,43.5163,45.4839,47.0701,48.2988,49.1794,49.6362
GDP_gross,SAF,trillion*usd/yr,0.669929,0.819208,0.980815,1.14566,1.31298,1.48409,1.66085,1.84474,2.03529,2.23102,2.42818,2.62317,2.81479,3.00169,3.17953,3.34627,3.51154,3.68243,3.84578,3.98768,4.1097,4.21592,4.30594,4.37878,4.43546,4.47648,4.49854
GDP_gross,WEU,trillion*usd/yr,14.33,15.3264,16.507,17.8151,19.2365,20.7664,22.3895,24.0983,25.9207,27.8726,29.8896,31.9077,33.9382,36.0024,38.09,40.192,42.333,44.5083,46.5632,48.351,49.8905,51.2273,52.3576,53.2715,53.9821,54.4957,54.7709
GDP_gross,CEU,trillion*usd/yr,2.48106,2.82123,3.17987,3.53254,3.8645,4.16816,4.45459,4.73894,5.03677,5.35557,5.67108,5.95923,6.22548,6.48174,6.73802,7.00198,7.27426,7.55017,7.81048,8.03763,8.23375,8.40415,8.54836,8.66514,8.75614,8.82211,8.85786
GDP_gross,TUR,trillion*usd/yr,1.35535,1.62804,1.90995,2.19951,2.49943,2.81217,3.13605,3.46902,3.8112,4.16182,4.51464,4.86391,5.21051,5.5558,5.89691,6.23259,6.57188,6.91874,7.24775,7.53386,7.78017,7.99426,8.17545,8.322,8.43599,8.51843,8.56265
GDP_gross,UKR,trillion*usd/yr,0.515578,0.614285,0.726657,0.842334,0.955617,1.06413,1.17369,1.29115,1.42054,1.56214,1.70396,1.83506,1.95939,2.08263,2.2039,2.32207,2.44104,2.56305,2.67902,2.77987,2.86669,2.94218,3.00611,3.05782,3.09805,3.12716,3.14278
GDP_gross,STAN,trillion*usd/yr,0.591479,0.80308,1.02304,1.23525,1.42984,1.60046,1.74959,1.88428,2.02343,2.18131,2.34473,2.49922,2.6495,2.80299,2.96012,3.12009,3.28388,3.45023,3.60732,3.74411,3.862,3.96438,4.05097,4.12102,4.17551,4.21491,4.23606
GDP_gross,RUS,trillion*usd/yr,2.9552,3.47851,4.01907,4.53524,4.98177,5.33448,5.65131,5.99682,6.39575,6.84898,7.2989,7.69302,8.05134,8.40404,8.75461,9.10222,9.4547,9.81469,10.1562,10.4537,10.7103,10.9334,11.1223,11.2754,11.3946,11.4811,11.528
GDP_gross,ME,trillion*usd/yr,3.70373,4.54688,5.47189,6.452,7.45905,8.4738,9.51077,10.5931,11.7504,13.0013,14.3181,15.6723,17.0735,18.5357,20.0571,21.6315,23.2517,24.8888,26.428,27.7659,28.9176,29.9164,30.76,31.4415,31.9707,32.3523,32.5549
GDP_gross,INDIA,trillion*usd/yr,6.85778,9.44652,12.4364,15.773,19.4768,23.5725,28.0341,32.8265,37.9227,43.2799,48.7855,54.3312,59.8813,65.4012,70.7981,76.0271,81.2819,86.6761,91.8023,96.2523,100.078,103.404,106.219,108.495,110.262,111.539,112.218
GDP_gross,KOR,trillion*usd/yr,1.89925,2.22756,2.53629,2.80131,3.02698,3.2221,3.38891,3.52818,3.64175,3.73277,3.80914,3.87827,3.94179,3.99916,4.04659,4.08203,4.11328,4.14775,4.18221,4.21214,4.23786,4.26054,4.28002,4.29597,4.30857,4.31796,4.3235
GDP_gross,CHN,trillion*usd/yr,24.5335,33.2786,41.3233,47.816,53.1521,57.7855,61.5154,64.1445,66.0666,67.6862,68.9708,69.8284,70.3246,70.5608,70.6343,70.6332,70.6166,70.6247,70.6496,70.676,70.7026,70.7309,70.7596,70.7875,70.8139,70.8392,70.8633
GDP_gross,SEAS,trillion*usd/yr,2.9923,3.79164,4.66536,5.58744,6.57161,7.63515,8.77364,9.97954,11.2532,12.5929,13.9823,15.4037,16.8457,18.2992,19.7565,21.2169,22.7034,24.2168,25.6471,26.8899,27.9593,28.8878,29.6728,30.3072,30.8001,31.1557,31.3448
GDP_gross,INDO,trillion*usd/yr,1.74072,2.39496,3.12915,3.91053,4.73482,5.6015,6.50006,7.4177,8.3416,9.26016,10.1667,11.0581,11.9419,12.8235,13.6904,14.5355,15.3868,16.26,17.09,17.8113,18.432,18.9717,19.4286,19.7982,20.0855,20.2932,20.4043
GDP_gross,JAP,trillion*usd/yr,4.30037,4.51472,4.71159,4.85785,4.97837,5.10499,5.2453,5.39964,5.56196,5.72484,5.8809,6.02564,6.16549,6.30761,6.45172,6.59649,6.74368,6.89319,7.03461,7.15794,7.26435,7.35685,7.43517,7.49863,7.54812,7.58408,7.60372
GDP_gross,OCE,trillion*usd/yr,1.16672,1.33482,1.50493,1.67631,1.85587,2.04961,2.25354,2.46419,2.68929,2.93507,3.19183,3.44831,3.70153,3.95086,4.19702,4.44181,4.69043,4.9439,5.18384,5.39253,5.57221,5.7283,5.86035,5.96713,6.05015,6.11014,6.14225
GDP_gross,RSAS,trillion*usd/yr,1.34521,1.78231,2.31423,2.94467,3.69992,4.60759,5.68152,6.93492,8.39104,10.0715,11.9831,14.1239,16.4707,19.0079,21.7671,24.761,27.889,31.0093,33.9124,36.4292,38.5935,40.4666,42.0455,43.3193,44.3069,45.0163,45.3875
GDP_gross,RSAF,trillion*usd/yr,0.481045,0.627778,0.798166,1.00055,1.26472,1.62251,2.09501,2.70102,3.46219,4.40011,5.53427,6.88075,8.44393,10.2338,12.2904,14.6217,17.0847,19.5104,21.7456,23.6799,25.3426,26.7794,27.989,28.9641,29.7195,30.261,30.5418
GDP_net,CAN,trillion*usd/yr,1.53663,1.69253,1.86149,2.04966,2.24965,2.45265,2.65548,2.85966,3.07975,3.32803,3.59612,3.87231,4.15066,4.42778,4.70449,4.98295,5.26688,5.55534,5.82779,6.06478,6.26884,6.44601,6.59581,6.71692,6.81106,6.87907,6.91545
GDP_net,USA,trillion*usd/yr,16.4132,18.327,20.1671,21.83,23.3478,24.7786,26.1677,27.5572,28.9899,30.4863,31.9778,33.396,34.755,36.0781,37.3469,38.5507,39.7484,40.9816,42.1584,43.1826,44.0647,44.8328,45.484,46.0116,46.4229,46.7217,46.8845
GDP_net,MEX,trillion*usd/yr,1.94725,2.28562,2.65354,3.04462,3.46403,3.91831,4.40913,4.93661,5.49926,6.09575,6.72672,7.39225,8.08839,8.81212,9.56752,10.3575,11.1738,11.9966,12.7687,13.4399,14.0177,14.5186,14.9416,15.2831,15.5484,15.7396,15.8409
GDP_net,RCAM,trillion*usd/yr,1.00194,1.21689,1.46817,1.74739,2.06176,2.41956,2.82086,3.26491,3.75488,4.29408,4.88245,5.51912,6.20279,6.93206,7.70542,8.51912,9.36061,10.2066,10.9986,11.686,12.2773,12.7896,13.2219,13.5709,13.8416,14.0365,14.1393
GDP_net,BRA,trillion*usd/yr,2.69709,3.16777,3.6406,4.08437,4.51469,4.95243,5.40005,5.85416,6.30568,6.74835,7.19188,7.64491,8.0976,8.54026,8.98082,9.42958,9.89018,10.3576,10.7988,11.1831,11.5145,11.8024,12.0458,12.2427,12.396,12.5068,12.5664
GDP_net,RSAM,trillion*usd/yr,2.98889,3.6019,4.25941,4.95655,5.69676,6.4842,7.31906,8.20005,9.12402,10.0859,11.075,12.0821,13.1082,14.1537,15.2068,16.2592,17.3284,18.4173,19.4468,20.3415,21.1113,21.7798,22.3451,22.8019,23.1569,23.4132,23.5498
GDP_net,NAF,trillion*usd/yr,1.38645,1.79666,2.27904,2.79927,3.36054,3.97259,4.63721,5.35467,6.12703,6.95113,7.80213,8.65734,9.52055,10.3983,11.2849,12.1761,13.084,14.0078,14.8804,15.6384,16.2906,16.8568,17.3355,17.7222,18.0227,18.2393,18.3545
GDP_net,WAF,trillion*usd/yr,1.18563,1.68382,2.33428,3.16345,4.23858,5.63605,7.4373,9.72362,12.577,16.0742,20.2739,25.2184,30.8981,37.314,44.544,52.5809,61.0213,69.3717,77.0915,83.7714,89.5124,94.4761,98.6571,102.028,104.64,106.512,107.485
GDP_net,EAF,trillion*usd/yr,0.535203,0.739286,1.00925,1.35672,1.81503,2.42086,3.20656,4.20471,5.45512,6.99756,8.86688,11.0898,13.6657,16.6026,19.961,23.7522,27.7524,31.6952,35.3304,38.4758,41.1796,43.5163,45.4839,47.0701,48.2988,49.1794,49.6362
GDP_net,SAF,trillion*usd/yr,0.669929,0.819208,0.980815,1.14566,1.31298,1.48409,1.66085,1.84474,2.03529,2.23102,2.42818,2.62317,2.81479,3.00169,3.17953,3.34627,3.51154,3.68243,3.84578,3.98768,4.1097,4.21592,4.30594,4.37878,4.43546,4.47648,4.49854
GDP_net,WEU,trillion*usd/yr,14.33,15.3264,16.507,17.8151,19.2365,20.7664,22.3895,24.0983,25.9207,27.8726,29.8896,31.9077,33.9382,36.0024,38.09,40.192,42.333,44.5083,46.5632,48.351,49.8905,51.2273,52.3576,53.2715,53.9821,54.4957,54.7709
GDP_net,CEU,trillion*usd/yr,2.48106,2.82123,3.17987,3.53254,3.8645,4.16816,4.45459,4.73894,5.03677,5.35557,5.67108,5.95923,6.22548,6.48174,6.73802,7.00198,7.27426,7.55017,7.81048,8.03763,8.23375,8.40415,8.54836,8.66514,8.75614,8.82211,8.85786
GDP_net,TUR,trillion*usd/yr,1.35535,1.62804,1.90995,2.19951,2.49943,2.81217,3.13605,3.46902,3.8112,4.16182,4.51464,4.86391,5.21051,5.5558,5.89691,6.23259,6.57188,6.91874,7.24775,7.53386,7.78017,7.99426,8.17545,8.322,8.43599,8.51843,8.56265
GDP_net,UKR,trillion*usd/yr,0.515578,0.614285,0.726657,0.842334,0.955617,1.06413,1.17369,1.29115,1.42054,1.56214,1.70396,1.83506,1.95939,2.08263,2.2039,2.32207,2.44104,2.56305,2.67902,2.77987,2.86669,2.94218,3.00611,3.05782,3.09805,3.12716,3.14278
GDP_net,STAN,trillion*usd/yr,0.591479,0.80308,1.02304,1.23525,1.42984,1.60046,1.74959,1.88428,2.02343,2.18131,2.34473,2.49922,2.6495,2.80299,2.96012,3.12009,3.28388,3.45023,3.60732,3.74411,3.862,3.96438,4.05097,4.12102,4.17551,4.21491,4.23606
GDP_net,RUS,trillion*usd/yr,2.9552,3.47851,4.01907,4.53524,4.98177,5.33448,5.65131,5.99682,6.39575,6.84898,7.2989,7.69302,8.05134,8.40404,8.75461,9.10222,9.4547,9.81469,10.1562,10.4537,10.7103,10.9334,11.1223,11.2754,11.3946,11.4811,11.528
GDP_net,ME,trillion*usd/yr,3.70373,4.54688,5.47189,6.452,7.45905,8.4738,9.51077,10.5931,11.7504,13.0013,14.3181,15.6723,17.0735,18.5357,20.0571,21.6315,23.2517,24.8888,26.428,27.7659,28.9176,29.9164,30.76,31.4415,31.9707,32.3523,32.5549
GDP_net,INDIA,trillion*usd/yr,6.85778,9.44652,12.4364,15.773,19.4768,23.5725,28.0341,32.8265,37.9227,43.2799,48.7855,54.3312,59.8813,65.4012,70.7981,76.0271,81.2819,86.6761,91.8023,96.2523,100.078,103.404,106.219,108.495,110.262,111.539,112.218
GDP_net,KOR,trillion*usd/yr,1.89925,2.22756,2.53629,2.80131,3.02698,3.2221,3.38891,3.52818,3.64175,3.73277,3.80914,3.87827,3.94179,3.99916,4.04659,4.08203,4.11328,4.14775,4.18221,4.21214,4.23786,4.26054,4.28002,4.29597,4.30857,4.31796,4.3235
GDP_net,CHN,trillion*usd/yr,24.5335,33.2786,41.3233,47.816,53.1521,57.7855,61.5154,64.1445,66.0666,67.6862,68.9708,69.8284,70.3246,70.5608,70.6343,70.6332,70.6166,70.6247,70.6496,70.676,70.7026,70.7309,70.7596,70.7875,70.8139,70.8392,70.8633
GDP_net,SEAS,trillion*usd/yr,2.9923,3.79164,4.66536,5.58744,6.57161,7.63515,8.77364,9.97954,11.2532,12.5929,13.9823,15.4037,16.8457,18.2992,19.7565,21.2169,22.7034,24.2168,25.6471,26.8899,27.9593,28.8878,29.6728,30.3072,30.8001,31.1557,31.3448
GDP_net,INDO,trillion*usd/yr,1.74072,2.39496,3.12915,3.91053,4.73482,5.6015,6.50006,7.4177,8.3416,9.26016,10.1667,11.0581,11.9419,12.8235,13.6904,14.5355,15.3868,16.26,17.09,17.8113,18.432,18.9717,19.4286,19.7982,20.0855,20.2932,20.4043
GDP_net,JAP,trillion*usd/yr,4.30037,4.51472,4.71159,4.85785,4.97837,5.10499,5.2453,5.39964,5.56196,5.72484,5.8809,6.02564,6.16549,6.30761,6.45172,6.59649,6.74368,6.89319,7.03461,7.15794,7.26435,7.35685,7.43517,7.49863,7.54812,7.58408,7.60372
GDP_net,OCE,trillion*usd/yr,1.16672,1.33482,1.50493,1.67631,1.85587,2.04961,2.25354,2.46419,2.68929,2.93507,3.19183,3.44831,3.70153,3.95086,4.19702,4.44181,4.69043,4.9439,5.18384,5.39253,5.57221,5.7283,5.86035,5.96713,6.05015,6.11014,6.14225
GDP_net,RSAS,trillion*usd/yr,1.34521,1.78231,2.31423,2.94467,3.69992,4.60759,5.68152,6.93492,8.39104,10.0715,11.9831,14.1239,16.4707,19.0079,21.7671,24.761,27.889,31.0093,33.9124,36.4292,38.5935,40.4666,42.0455,43.3193,44.3069,45.0163,45.3875
GDP_net,RSAF,trillion*usd/yr,0.481045,0.627778,0.798166,1.00055,1.26472,1.62251,2.09501,2.70102,3.46219,4.40011,5.53427,6.88075,8.44393,10.2338,12.2904,14.6217,17.0847,19.5104,21.7456,23.6799,25.3426,26.7794,27.989,28.9641,29.7195,30.261,30.5418
investments,CAN,trillion*usd/yr,0.322692,0.355431,0.390913,0.430428,0.472427,0.515056,0.557651,0.600529,0.646748,0.698885,0.755185,0.813185,0.871639,0.929835,0.987943,1.04642,1.10604,1.16662,1.22384,1.2736,1.31646,1.35366,1.38512,1.41055,1.43032,1.4446,1.45224
investments,USA,trillion*usd/yr,3.44678,3.84866,4.23509,4.58431,4.90303,5.2035,5.49522,5.78701,6.08788,6.40213,6.71534,7.01315,7.29854,7.5764,7.84285,8.09565,8.34717,8.60614,8.85327,9.06835,9.25359,9.41488,9.55164,9.66244,9.74882,9.81156,9.84575
investments,MEX,trillion*usd/yr,0.408923,0.47998,0.557244,0.639369,0.727446,0.822845,0.925917,1.03669,1.15484,1.28011,1.41261,1.55237,1.69856,1.85055,2.00918,2.17507,2.3465,2.51928,2.68143,2.82238,2.94372,3.04891,3.13773,3.20946,3.26516,3.30531,3.3266
investments,RCAM,trillion*usd/yr,0.210408,0.255546,0.308316,0.366951,0.432969,0.508108,0.592381,0.68563,0.788526,0.901757,1.02532,1.15902,1.30258,1.45573,1.61814,1.78902,1.96573,2.14338,2.30971,2.45407,2.57824,2.68582,2.7766,2.84988,2.90675,2.94767,2.96926
investments,BRA,trillion*usd/yr,0.566389,0.665231,0.764526,0.857717,0.948084,1.04001,1.13401,1.22937,1.32419,1.41715,1.51029,1.60543,1.7005,1.79346,1.88597,1.98021,2.07694,2.17509,2.26774,2.34846,2.41805,2.4785,2.52962,2.57098,2.60315,2.62643,2.63894
investments,RSAM,trillion*usd/yr,0.627668,0.756398,0.894476,1.04088,1.19632,1.36168,1.537,1.72201,1.91604,2.11804,2.32576,2.53723,2.75272,2.97228,3.19343,3.41443,3.63897,3.86762,4.08383,4.27171,4.43337,4.57376,4.69246,4.7884,4.86295,4.91676,4.94545
investments,NAF,trillion*usd/yr,0.291155,0.377298,0.478598,0.587847,0.705713,0.834245,0.973814,1.12448,1.28668,1.45974,1.63845,1.81804,1.99932,2.18364,2.36984,2.55698,2.74764,2.94164,3.12489,3.28407,3.42103,3.53993,3.64045,3.72167,3.78476,3.83026,3.85444
investments,WAF,trillion*usd/yr,0.248983,0.353603,0.490198,0.664325,0.890101,1.18357,1.56183,2.04196,2.64117,3.37557,4.25753,5.29587,6.48859,7.83594,9.35423,11.042,12.8145,14.5681,16.1892,17.592,18.7976,19.84,20.718,21.4259,21.9743,22.3676,22.5718
investments,EAF,trillion*usd/yr,0.112393,0.15525,0.211943,0.284911,0.381155,0.508381,0.673378,0.88299,1.14558,1.46949,1.86204,2.32886,2.8698,3.48654,4.1918,4.98796,5.828,6.65599,7.41938,8.07992,8.64772,9.13843,9.55161,9.88471,10.1427,10.3277,10.4236
investments,SAF,trillion*usd/yr,0.140685,0.172034,0.205971,0.240588,0.275727,0.311658,0.348779,0.387396,0.427411,0.468514,0.509918,0.550865,0.591106,0.630354,0.667701,0.702717,0.737422,0.77331,0.807615,0.837413,0.863036,0.885342,0.904248,0.919545,0.931446,0.940061,0.944693
investments,WEU,trillion*usd/yr,3.00929,3.21855,3.46647,3.74116,4.03967,4.36093,4.7018,5.06065,5.44335,5.85325,6.27682,6.70062,7.12702,7.5605,7.99891,8.44031,8.88993,9.34674,9.77828,10.1537,10.477,10.7577,10.9951,11.187,11.3362,11.4441,11.5019
investments,CEU,trillion*usd/yr,0.521023,0.592459,0.667773,0.741833,0.811545,0.875314,0.935463,0.995178,1.05772,1.12467,1.19093,1.25144,1.30735,1.36117,1.41498,1.47042,1.52759,1.58554,1.6402,1.6879,1.72909,1.76487,1.79515,1.81968,1.83879,1.85264,1.86015
investments,TUR,trillion*usd/yr,0.284623,0.341888,0.40109,0.461898,0.524881,0.590556,0.658571,0.728495,0.800353,0.873982,0.948075,1.02142,1.09421,1.16672,1.23835,1.30884,1.3801,1.45294,1.52203,1.58211,1.63384,1.67879,1.71684,1.74762,1.77156,1.78887,1.79816
investments,UKR,trillion*usd/yr,0.108271,0.129,0.152598,0.17689,0.20068,0.223466,0.246476,0.271141,0.298314,0.32805,0.357832,0.385364,0.411473,0.437352,0.46282,0.487634,0.512619,0.53824,0.562594,0.583773,0.602004,0.617859,0.631283,0.642143,0.650591,0.656703,0.659984
investments,STAN,trillion*usd/yr,0.124211,0.168647,0.214838,0.259403,0.300267,0.336096,0.367415,0.395698,0.42492,0.458074,0.492393,0.524836,0.556396,0.588628,0.621624,0.655218,0.689615,0.724548,0.757538,0.786263,0.811019,0.83252,0.850705,0.865414,0.876856,0.88513,0.889572
investments,RUS,trillion*usd/yr,0.620592,0.730488,0.844005,0.9524,1.04617,1.12024,1.18678,1.25933,1.34311,1.43829,1.53277,1.61553,1.69078,1.76485,1.83847,1.91147,1.98549,2.06108,2.1328,2.19528,2.24915,2.29601,2.33569,2.36782,2.39286,2.41102,2.42087
investments,ME,trillion*usd/yr,0.777784,0.954845,1.1491,1.35492,1.5664,1.7795,1.99726,2.22456,2.46759,2.73027,3.00679,3.29119,3.58543,3.8925,4.21199,4.54261,4.88286,5.22665,5.54988,5.83085,6.0727,6.28245,6.4596,6.60271,6.71385,6.79398,6.83652
investments,INDIA,trillion*usd/yr,1.44013,1.98377,2.61165,3.31232,4.09012,4.95023,5.88716,6.89357,7.96377,9.08879,10.245,11.4096,12.5751,13.7343,14.8676,15.9657,17.0692,18.202,19.2785,20.213,21.0164,21.7149,22.306,22.7839,23.1551,23.4231,23.5658
investments,KOR,trillion*usd/yr,0.398842,0.467788,0.532621,0.588275,0.635666,0.67664,0.71167,0.740918,0.764767,0.783882,0.799919,0.814436,0.827775,0.839823,0.849783,0.857227,0.863789,0.871027,0.878264,0.88455,0.889951,0.894714,0.898805,0.902153,0.9048,0.906772,0.907934
investments,CHN,trillion*usd/yr,5.15204,6.98851,8.67789,10.0414,11.1619,12.135,12.9182,13.4703,13.874,14.2141,14.4839,14.664,14.7682,14.8178,14.8332,14.833,14.8295,14.8312,14.8364,14.842,14.8475,14.8535,14.8595,14.8654,14.8709,14.8762,14.8813
investments,SEAS,trillion*usd/yr,0.628383,0.796243,0.979726,1.17336,1.38004,1.60338,1.84246,2.0957,2.36316,2.6445,2.93629,3.23477,3.5376,3.84282,4.14887,4.45554,4.76772,5.08553,5.3859,5.64688,5.87144,6.06643,6.23129,6.36452,6.46802,6.54269,6.58241
investments,INDO,trillion*usd/yr,0.36555,0.502941,0.657122,0.821211,0.994313,1.17632,1.36501,1.55772,1.75174,1.94463,2.135,2.3222,2.50781,2.69293,2.87499,3.05245,3.23122,3.41461,3.58889,3.74037,3.87072,3.98406,4.08002,4.15762,4.21796,4.26157,4.2849
investments,JAP,trillion*usd/yr,0.903077,0.948091,0.989433,1.02015,1.04546,1.07205,1.10151,1.13392,1.16801,1.20222,1.23499,1.26538,1.29475,1.3246,1.35486,1.38526,1.41617,1.44757,1.47727,1.50317,1.52551,1.54494,1.56139,1.57471,1.58511,1.59266,1.59678
investments,OCE,trillion*usd/yr,0.245011,0.280311,0.316036,0.352025,0.389732,0.430418,0.473242,0.51748,0.56475,0.616364,0.670284,0.724145,0.777321,0.829681,0.881374,0.932781,0.98499,1.03822,1.08861,1.13243,1.17016,1.20294,1.23067,1.2531,1.27053,1.28313,1.28987
investments,RSAS,trillion*usd/yr,0.282495,0.374285,0.485988,0.618382,0.776984,0.967594,1.19312,1.45633,1.76212,2.11502,2.51646,2.96603,3.45884,3.99166,4.57109,5.1998,5.85669,6.51194,7.12161,7.65014,8.10464,8.49798,8.82956,9.09705,9.30444,9.45342,9.53138
investments,RSAF,trillion*usd/yr,0.101019,0.131833,0.167615,0.210116,0.265592,0.340726,0.439952,0.567214,0.727059,0.924022,1.1622,1.44496,1.77323,2.14909,2.58099,3.07056,3.58779,4.09719,4.56658,4.97277,5.32195,5.62367,5.87768,6.08247,6.2411,6.3548,6.41378
consumption,CAN,trillion*usd/yr,1.21394,1.3371,1.47058,1.61923,1.77722,1.93759,2.09783,2.25913,2.433,2.62914,2.84094,3.05912,3.27902,3.49795,3.71655,3.93653,4.16083,4.38872,4.60396,4.79117,4.95238,5.09235,5.21069,5.30636,5.38074,5.43446,5.4632
consumption,USA,trillion*usd/yr,12.9665,14.4783,15.932,17.2457,18.4447,19.5751,20.6725,21.7702,22.902,24.0842,25.2625,26.3828,27.4564,28.5017,29.5041,30.4551,31.4013,32.3755,33.3051,34.1143,34.8111,35.4179,35.9324,36.3492,36.6741,36.9101,37.0388
consumption,MEX,trillion*usd/yr,1.53833,1.80564,2.0963,2.40525,2.73658,3.09547,3.48321,3.89992,4.34442,4.81564,5.31411,5.83987,6.38983,6.96158,7.55834,8.1824,8.82733,9.4773,10.0873,10.6175,11.074,11.4697,11.8038,12.0737,12.2832,12.4342,12.5143
consumption,RCAM,trillion*usd/yr,0.791536,0.96134,1.15985,1.38043,1.62879,1.91146,2.22848,2.57928,2.96636,3.39233,3.85714,4.36011,4.9002,5.47633,6.08728,6.7301,7.39488,8.06319,8.6889,9.23198,9.6991,10.1038,10.4453,10.721,10.9349,11.0889,11.1701
consumption,BRA,trillion*usd/yr,2.1307,2.50254,2.87607,3.22665,3.5666,3.91242,4.26604,4.62479,4.98149,5.3312,5.68158,6.03948,6.3971,6.74681,7.09485,7.44937,7.81324,8.18249,8.53104,8.83469,9.09649,9.32387,9.51618,9.67176,9.79282,9.88038,9.92744
consumption,RSAM,trillion*usd/yr,2.36123,2.8455,3.36493,3.91568,4.50044,5.12252,5.78205,6.47804,7.20797,7.96787,8.74927,9.54484,10.3555,11.1814,12.0134,12.8448,13.6895,14.5496,15.363,16.0698,16.6779,17.206,17.6526,18.0135,18.294,18.4964,18.6043
consumption,NAF,trillion*usd/yr,1.0953,1.41936,1.80044,2.21143,2.65483,3.13835,3.66339,4.23019,4.84035,5.4914,6.16368,6.8393,7.52123,8.21466,8.9151,9.61911,10.3364,11.0662,11.7555,12.3544,12.8696,13.3169,13.695,14.0006,14.2379,14.4091,14.5
consumption,WAF,trillion*usd/yr,0.936649,1.33022,1.84408,2.49913,3.34848,4.45248,5.87546,7.68166,9.93582,12.6986,16.0164,19.9226,24.4095,29.478,35.1897,41.5389,48.2068,54.8037,60.9022,66.1794,70.7148,74.6361,77.9391,80.6023,82.6654,84.1446,84.9128
consumption,EAF,trillion*usd/yr,0.422811,0.584036,0.797308,1.07181,1.43387,1.91248,2.53318,3.32172,4.30955,5.52808,7.00483,8.76094,10.7959,13.116,15.7692,18.7642,21.9244,25.0392,27.911,30.3959,32.5319,34.3779,35.9322,37.1853,38.156,38.8518,39.2126
consumption,SAF,trillion*usd/yr,0.529244,0.647175,0.774844,0.905071,1.03726,1.17243,1.31207,1.45735,1.60788,1.7625,1.91826,2.0723,2.22369,2.37133,2.51183,2.64355,2.77411,2.90912,3.03817,3.15027,3.24666,3.33057,3.40169,3.45924,3.50401,3.53642,3.55385
consumption,WEU,trillion*usd/yr,11.3207,12.1079,13.0405,14.0739,15.1969,16.4054,17.6877,19.0377,20.4774,22.0194,23.6128,25.2071,26.8112,28.4419,30.0911,31.7516,33.4431,35.1615,36.785,38.1973,39.4135,40.4696,41.3625,42.0845,42.6459,43.0516,43.269
consumption,CEU,trillion*usd/yr,1.96004,2.22878,2.5121,2.79071,3.05296,3.29285,3.51912,3.74376,3.97905,4.2309,4.48015,4.70779,4.91813,5.12058,5.32304,5.53157,5.74666,5.96463,6.17028,6.34973,6.50466,6.63928,6.7532,6.84546,6.91735,6.96947,6.99771
consumption,TUR,trillion*usd/yr,1.07072,1.28615,1.50886,1.73762,1.97455,2.22162,2.47748,2.74053,3.01085,3.28784,3.56657,3.84249,4.1163,4.38908,4.65856,4.92375,5.19179,5.46581,5.72572,5.95175,6.14634,6.31546,6.4586,6.57438,6.66443,6.72956,6.7645
consumption,UKR,trillion*usd/yr,0.407306,0.485285,0.574059,0.665444,0.754937,0.84066,0.927218,1.02001,1.12223,1.23409,1.34613,1.4497,1.54792,1.64528,1.74108,1.83443,1.92842,2.02481,2.11643,2.1961,2.26468,2.32432,2.37483,2.41568,2.44746,2.47045,2.4828
consumption,STAN,trillion*usd/yr,0.467269,0.634433,0.808201,0.975851,1.12957,1.26436,1.38218,1.48858,1.59851,1.72323,1.85234,1.97438,2.09311,2.21436,2.33849,2.46487,2.59426,2.72568,2.84978,2.95785,3.05098,3.13186,3.20027,3.2556,3.29865,3.32978,3.34648
consumption,RUS,trillion*usd/yr,2.33461,2.74802,3.17507,3.58284,3.93559,4.21424,4.46453,4.73748,5.05265,5.41069,5.76613,6.07749,6.36056,6.63919,6.91614,7.19075,7.46921,7.7536,8.02338,8.25844,8.4611,8.63736,8.78663,8.90753,9.00172,9.07004,9.10709
consumption,ME,trillion*usd/yr,2.92595,3.59204,4.3228,5.09708,5.89265,6.6943,7.51351,8.36858,9.28282,10.271,11.3113,12.3811,13.4881,14.6432,15.8451,17.0889,18.3689,19.6621,20.8781,21.9351,22.8449,23.634,24.3004,24.8388,25.2569,25.5583,25.7183
consumption,INDIA,trillion*usd/yr,5.41765,7.46275,9.82476,12.4607,15.3866,18.6223,22.1469,25.9329,29.9589,34.1911,38.5406,42.9217,47.3063,51.6669,55.9305,60.0614,64.2127,68.4741,72.5238,76.0393,79.0618,81.6893,83.9132,85.7107,87.1074,88.1155,88.6523
consumption,KOR,trillion*usd/yr,1.50041,1.75978,2.00367,2.21303,2.39131,2.54546,2.67724,2.78726,2.87698,2.94889,3.00922,3.06383,3.11401,3.15934,3.1968,3.22481,3.24949,3.27672,3.30395,3.32759,3.34791,3.36583,3.38122,3.39381,3.40377,3.41119,3.41556
consumption,CHN,trillion*usd/yr,19.3815,26.2901,32.6454,37.7746,41.9902,45.6506,48.5972,50.6741,52.1926,53.4721,54.4869,55.1644,55.5564,55.7431,55.8011,55.8002,55.7871,55.7935,55.8132,55.8341,55.855,55.8774,55.9001,55.9221,55.943,55.9629,55.982
consumption,SEAS,trillion*usd/yr,2.36392,2.99539,3.68564,4.41408,5.19157,6.03177,6.93117,7.88383,8.89,9.94836,11.046,12.1689,13.3081,14.4563,15.6077,16.7613,17.9357,19.1313,20.2612,21.243,22.0878,22.8213,23.4415,23.9427,24.3321,24.613,24.7624
consumption,INDO,trillion*usd/yr,1.37517,1.89202,2.47203,3.08932,3.74051,4.42519,5.13505,5.85998,6.58986,7.31553,8.03168,8.73588,9.43413,10.1306,10.8154,11.483,12.1555,12.8454,13.5011,14.0709,14.5613,14.9877,15.3486,15.6406,15.8676,16.0316,16.1194
consumption,JAP,trillion*usd/yr,3.39729,3.56663,3.72215,3.8377,3.93291,4.03294,4.14378,4.26571,4.39395,4.52262,4.64591,4.76025,4.87074,4.98302,5.09686,5.21123,5.32751,5.44562,5.55734,5.65477,5.73884,5.81191,5.87378,5.92392,5.96302,5.99142,6.00694
consumption,OCE,trillion*usd/yr,0.921707,1.0545,1.1889,1.32429,1.46614,1.61919,1.78029,1.94671,2.12454,2.3187,2.52155,2.72416,2.92421,3.12118,3.31565,3.50903,3.70544,3.90568,4.09523,4.2601,4.40205,4.52536,4.62968,4.71403,4.77962,4.82701,4.85238
consumption,RSAS,trillion*usd/yr,1.06272,1.40802,1.82824,2.32629,2.92294,3.64,4.4884,5.47858,6.62892,7.95651,9.46667,11.1579,13.0118,15.0163,17.196,19.5612,22.0323,24.4973,26.7908,28.7791,30.4889,31.9686,33.216,34.2223,35.0024,35.5629,35.8562
consumption,RSAF,trillion*usd/yr,0.380025,0.495945,0.630552,0.790437,0.999131,1.28178,1.65506,2.1338,2.73513,3.47608,4.37207,5.43579,6.67071,8.08469,9.70943,11.5512,13.4969,15.4132,17.179,18.7071,20.0207,21.1557,22.1113,22.8817,23.4784,23.9062,24.128
utility,CAN,,2.46354,2.51192,2.56343,2.62115,2.67892,2.73142,2.77826,2.8214,2.86738,2.92051,2.97745,3.03472,3.09126,3.14716,3.20463,3.26525,3.32656,3.38491,3.43689,3.4806,3.51725,3.54817,3.57369,3.59399,3.60957,3.62072,3.62667
utility,USA,,2.62739,2.69979,2.76027,2.80777,2.84671,2.88096,2.91191,2.94051,2.96885,2.99836,3.02778,3.05606,3.08399,3.11237,3.14096,3.16945,3.19791,3.22587,3.25144,3.27313,3.29142,3.307,3.31996,3.33031,3.33829,3.34404,3.34714
utility,MEX,,1.50847,1.6248,1.73694,1.84412,1.94912,2.05404,2.15955,2.26571,2.37099,2.47391,2.57408,2.67141,2.7662,2.85895,2.94989,3.03876,3.12467,3.20597,3.27815,3.33811,3.38788,3.42973,3.46421,3.49154,3.51246,3.52741,3.53536
utility,RCAM,,1.13543,1.2901,1.44452,1.59152,1.73564,1.87982,2.0229,2.16403,2.30285,2.43877,2.57124,2.70002,2.82509,2.94653,3.06417,3.17758,3.2856,3.38628,3.47459,3.54736,3.60743,3.65775,3.69908,3.73178,3.75677,3.7746,3.78405
utility,BRA,,1.31042,1.44007,1.55408,1.65041,1.73775,1.82283,1.90756,1.99245,2.07601,2.15736,2.23847,2.32079,2.40271,2.48273,2.56136,2.63932,2.71753,2.79578,2.869,2.93251,2.98717,3.03462,3.0748,3.10741,3.13287,3.15139,3.16156
utility,RSAM,,1.37349,1.51718,1.64824,1.76945,1.88413,1.99464,2.10218,2.20743,2.31018,2.40999,2.50651,2.59976,2.69044,2.77893,2.86458,2.94703,3.02734,3.10528,3.17597,3.23555,3.28561,3.32817,3.36357,3.39185,3.41364,3.4293,3.43774
utility,NAF,,0.733071,0.939417,1.13214,1.29957,1.4501,1.59054,1.72406,1.8528,1.97787,2.09915,2.21407,2.32139,2.4226,2.51889,2.61061,2.69825,2.78282,2.86386,2.93646,2.99703,3.04749,3.0901,3.12533,3.15333,3.17481,3.19019,3.1984
utility,WAF,,-0.431529,-0.190847,0.0334091,0.242836,0.448338,0.653637,0.859948,1.06627,1.26949,1.46683,1.65666,1.83822,2.00991,2.17216,2.3279,2.477,2.61087,2.72351,2.814,2.88424,2.93962,2.98415,3.01947,3.04663,3.0669,3.08101,3.08807
utility,EAF,,-0.750735,-0.532741,-0.317075,-0.107796,0.104977,0.322547,0.54105,0.75732,0.969936,1.17742,1.37835,1.57157,1.75509,1.92946,2.09849,2.26186,2.40879,2.53223,2.63152,2.70889,2.77011,2.81947,2.85874,2.88902,2.91168,2.92748,2.93546
utility,SAF,,1.25941,1.42386,1.57302,1.70334,1.81947,1.92559,2.02508,2.12021,2.21211,2.3015,2.38825,2.47232,2.55345,2.63114,2.70516,2.77604,2.84607,2.91579,2.98044,3.03583,3.08302,3.12362,3.15773,3.18521,3.20654,3.22198,3.23039
utility,WEU,,2.27382,2.32477,2.38429,2.44708,2.51175,2.57782,2.6445,2.71154,2.78009,2.85045,2.91969,2.98556,3.04899,3.11133,3.17344,3.23592,3.29814,3.35837,3.41289,3.45901,3.49784,3.53083,3.55823,3.58011,3.59696,3.60907,3.61559
utility,CEU,,1.74097,1.87451,2.00189,2.11796,2.22074,2.31017,2.39125,2.46916,2.549,2.63339,2.71721,2.79577,2.86945,2.93938,3.00693,3.07342,3.14025,3.20781,3.27161,3.32726,3.37537,3.41729,3.45291,3.48188,3.50456,3.52109,3.53022
utility,TUR,,1.53482,1.67444,1.79703,1.9074,2.01021,2.10844,2.20331,2.29566,2.38578,2.4735,2.55814,2.63946,2.71814,2.79452,2.86801,2.93834,3.0071,3.07471,3.13673,3.18936,3.2338,3.27177,3.30347,3.32887,3.3485,3.36264,3.3703
utility,UKR,,0.992944,1.19243,1.38232,1.54959,1.69345,1.81736,1.93064,2.04057,2.15094,2.26221,2.36707,2.46096,2.54781,2.63133,2.71148,2.78819,2.86381,2.93934,3.00968,3.07017,3.12183,3.16643,3.20402,3.23437,3.25798,3.2751,3.28446
utility,STAN,,0.931363,1.2027,1.41774,1.58578,1.71704,1.81941,1.90363,1.97903,2.0559,2.13918,2.22197,2.2989,2.37266,2.446,2.51827,2.58852,2.65767,2.72582,2.78857,2.84208,2.88742,2.92628,2.95882,2.98495,3.00517,3.01978,3.02771
utility,RUS,,1.68651,1.85569,2.0073,2.13462,2.23401,2.30709,2.3695,2.43445,2.50562,2.58213,2.65528,2.71908,2.77751,2.83494,2.89186,2.94816,3.00453,3.0608,3.1132,3.15839,3.19705,3.23041,3.2585,3.28117,3.29881,3.3116,3.31861
utility,ME,,1.40607,1.53032,1.64358,1.7437,1.8313,1.90886,1.98187,2.05473,2.13029,2.20941,2.28949,2.36868,2.44759,2.52678,2.60603,2.68478,2.7614,2.83352,2.89714,2.94981,2.99341,3.02992,3.0599,3.08358,3.10167,3.11456,3.12138
utility,INDIA,,0.369097,0.637645,0.867113,1.0648,1.24101,1.40245,1.55242,1.6936,1.82791,1.95634,2.07795,2.19238,2.30113,2.4054,2.50483,2.59949,2.69183,2.78232,2.86507,2.9353,2.99467,3.0455,3.08801,3.12213,3.14855,3.16761,3.17793
utility,KOR,,1.99621,2.14948,2.27885,2.38459,2.47603,2.56053,2.64001,2.71475,2.78503,2.85117,2.91491,2.97768,3.03939,3.09932,3.15587,3.20839,3.26121,3.31827,3.37557,3.42773,3.47453,3.51684,3.55396,3.58499,3.60982,3.62831,3.63883
utility,CHN,,1.61057,1.91008,2.12877,2.28504,2.4089,2.51766,2.61198,2.69151,2.76346,2.83351,2.90077,2.96364,3.0234,3.08141,3.13661,3.18808,3.24027,3.29778,3.35674,3.41137,3.46112,3.50678,3.5474,3.58174,3.60951,3.63037,3.64236
utility,SEAS,,0.788048,0.983044,1.15575,1.30858,1.4501,1.58573,1.71591,1.84069,1.96105,2.07761,2.18997,2.29789,2.40141,2.5006,2.59548,2.68636,2.77472,2.86058,2.93861,3.00447,3.05988,3.1071,3.14644,3.17791,3.20221,3.21969,3.22912
utility,INDO,,0.661148,0.945557,1.18501,1.38651,1.56322,1.7239,1.87183,2.00889,2.13656,2.25606,2.36853,2.47497,2.57696,2.67538,2.76961,2.85957,2.94812,3.03654,3.11895,3.18989,3.25061,3.30314,3.34752,3.38343,3.41141,3.43173,3.44285
utility,JAP,,2.29018,2.35449,2.41699,2.47028,2.51982,2.57176,2.6267,2.68401,2.74361,2.80542,2.86756,2.92842,2.98956,3.05261,3.11668,3.18077,3.24658,3.31535,3.38254,3.44296,3.4966,3.54448,3.58605,3.62048,3.64785,3.66806,3.6794
utility,OCE,,2.28982,2.36126,2.42434,2.48125,2.53646,2.59233,2.64686,2.69943,2.75454,2.81498,2.87687,2.93688,2.99496,3.05203,3.11013,3.17069,3.23179,3.29023,3.34249,3.38648,3.42339,3.45458,3.48036,3.50088,3.51664,3.52793,3.53396
utility,RSAS,,-0.234391,-0.0213458,0.179042,0.367046,0.549237,0.728463,0.904351,1.07716,1.24753,1.41522,1.57854,1.73604,1.88614,2.0289,2.167,2.30122,2.42684,2.53932,2.63469,2.71159,2.77403,2.82555,2.86733,2.90005,2.92486,2.9424,2.95154
utility,RSAF,,-0.211165,-0.0496888,0.0938748,0.2316,0.385999,0.563576,0.755938,0.954813,1.15471,1.35186,1.54414,1.7302,1.90775,2.07686,2.24171,2.40228,2.54692,2.66787,2.76475,2.84008,2.89959,2.94747,2.98548,3.01476,3.03664,3.05188,3.05956
yearly_welfare,Global,,7.31431,9.11443,10.7623,12.2554,13.6651,15.0315,16.3508,17.6123,18.8192,19.9702,21.0441,22.0239,22.9039,23.6857,24.3779,24.9852,25.5062,25.9447,26.2905,26.544,26.7309,26.8723,26.9777,27.0533,27.1061,27.1404,27.1554
NPV,Global,,0,42.2793,88.5954,137.526,188.143,239.798,291.927,344.02,395.661,446.5,496.203,544.461,591.021,635.692,678.345,718.903,757.314,793.563,827.641,859.561,889.384,917.197,943.103,967.204,989.607,1010.42,1029.73
